CAB_POD_1,2MM_2X13_PIN_HEADER,POD1,1,TEMP_V_E,n,,POD1_TEMP_V_E,CABProp,
CAB_POD_1,2MM_2X13_PIN_HEADER,POD1,2,TEMP_V_F,n,,POD1_TEMP_V_F,CABProp,
CAB_POD_1,2MM_2X13_PIN_HEADER,POD1,3,TEMP_A_5,n,,POD1_TEMP_A_5,CABProp,
CAB_POD_1,2MM_2X13_PIN_HEADER,POD1,4,TEMP_A_6,n,,POD1_TEMP_A_6,CABProp,
CAB_POD_1,2MM_2X13_PIN_HEADER,POD1,5,TEMP_A_7,n,,POD1_TEMP_A_7,CABProp,
CAB_POD_1,2MM_2X13_PIN_HEADER,POD1,6,POD_HTR_1-,n,,POD1_POD_HTR_1-,CABProp,
CAB_POD_1,2MM_2X13_PIN_HEADER,POD1,7,POD_HTR_2-,n,,POD1_POD_HTR_2-,CABProp,
CAB_POD_1,2MM_2X13_PIN_HEADER,POD1,8,POD_HTR_3-,n,,POD1_POD_HTR_3-,CABProp,
CAB_POD_1,2MM_2X13_PIN_HEADER,POD1,9,GHE_TANK_HTR-,n,,POD1_GHE_TANK_HTR-,CABProp,
CAB_POD_1,2MM_2X13_PIN_HEADER,POD1,10,H2O2_TANK_HTR-,n,,POD1_H2O2_TANK_HTR-,CABProp,
CAB_POD_1,2MM_2X13_PIN_HEADER,POD1,11,RP1_TANK_HTR-,n,,POD1_RP1_TANK_HTR-,CABProp,
CAB_POD_1,2MM_2X13_PIN_HEADER,POD1,12,12VDC_HTR,n,,POD1_12VDC_HTR,CABProp,
CAB_POD_1,2MM_2X13_PIN_HEADER,POD1,13,12VDC_HTR,n,,POD1_12VDC_HTR,CABProp,
CAB_POD_1,2MM_2X13_PIN_HEADER,POD1,14,12VDC_HTR,n,,POD1_12VDC_HTR,CABProp,
CAB_POD_1,2MM_2X13_PIN_HEADER,POD1,15,S_COARSE_1+,n,,POD1_S_COARSE_1+,CABProp,
CAB_POD_1,2MM_2X13_PIN_HEADER,POD1,16,S_COARSE_1-,n,,POD1_S_COARSE_1-,CABProp,
CAB_POD_1,2MM_2X13_PIN_HEADER,POD1,17,S_COARSE_2+,n,,POD1_S_COARSE_2+,CABProp,
CAB_POD_1,2MM_2X13_PIN_HEADER,POD1,18,S_COARSE_2-,n,,POD1_S_COARSE_2-,CABProp,
CAB_POD_1,2MM_2X13_PIN_HEADER,POD1,19,S_COARSE_3+,n,,POD1_S_COARSE_3+,CABProp,
CAB_POD_1,2MM_2X13_PIN_HEADER,POD1,20,S_COARSE_3-,n,,POD1_S_COARSE_3-,CABProp,
CAB_POD_1,2MM_2X13_PIN_HEADER,POD1,21,S_VERNIER_1+,n,,POD1_S_VERNIER_1+,CABProp,
CAB_POD_1,2MM_2X13_PIN_HEADER,POD1,22,S_VERNIER_1-,n,,POD1_S_VERNIER_1-,CABProp,
CAB_POD_1,2MM_2X13_PIN_HEADER,POD1,23,S_VERNIER_2+,n,,POD1_S_VERNIER_2+,CABProp,
CAB_POD_1,2MM_2X13_PIN_HEADER,POD1,24,S_VERNIER_2-,n,,POD1_S_VERNIER_2-,CABProp,
CAB_POD_1,2MM_2X13_PIN_HEADER,POD1,25,S_VERNIER_3+,n,,POD1_S_VERNIER_3+,CABProp,
CAB_POD_1,2MM_2X13_PIN_HEADER,POD1,26,S_VERNIER_3-,n,,POD1_S_VERNIER_3-,CABProp,
CAB_POD1_DAQ,2MM_2X8_PIN_HEADER,POD1_DAQ,1,TC1+,n,,POD1_DAQ_TC1+,Prop,
CAB_POD1_DAQ,2MM_2X8_PIN_HEADER,POD1_DAQ,2,TC1-,n,,POD1_DAQ_TC1-,Prop,
CAB_POD1_DAQ,2MM_2X8_PIN_HEADER,POD1_DAQ,3,TC2+,n,,POD1_DAQ_TC2+,Prop,
CAB_POD1_DAQ,2MM_2X8_PIN_HEADER,POD1_DAQ,4,TC2-,n,,POD1_DAQ_TC2-,Prop,
CAB_POD1_DAQ,2MM_2X8_PIN_HEADER,POD1_DAQ,5,TC3+,n,,POD1_DAQ_TC3+,Prop,
CAB_POD1_DAQ,2MM_2X8_PIN_HEADER,POD1_DAQ,6,TC3-,n,,POD1_DAQ_TC3-,Prop,
CAB_POD1_DAQ,2MM_2X8_PIN_HEADER,POD1_DAQ,7,TC4+,n,,POD1_DAQ_TC4+,Prop,
CAB_POD1_DAQ,2MM_2X8_PIN_HEADER,POD1_DAQ,8,TC4-,n,,POD1_DAQ_TC4-,Prop,
CAB_POD1_DAQ,2MM_2X8_PIN_HEADER,POD1_DAQ,9,COLD_JCN+,n,,POD1_DAQ_COLD_JCN+,Prop,
CAB_POD1_DAQ,2MM_2X8_PIN_HEADER,POD1_DAQ,10,COLD_JCN-,n,,POD1_DAQ_COLD_JCN-,Prop,GND (12VDC_RTN)
CAB_POD1_DAQ,2MM_2X8_PIN_HEADER,POD1_DAQ,11,12VDC_PWR,n,,POD1_DAQ_12VDC_PWR,Prop,
CAB_POD1_DAQ,2MM_2X8_PIN_HEADER,POD1_DAQ,12,12VDC_RTN,n,,POD1_DAQ_12VDC_RTN,Prop,
CAB_POD1_DAQ,2MM_2X8_PIN_HEADER,POD1_DAQ,13,P_MANIFOLD+,n,,POD1_DAQ_P_MANIFOLD+,Prop,
CAB_POD1_DAQ,2MM_2X8_PIN_HEADER,POD1_DAQ,14,P_MANIFOLD-,n,,POD1_DAQ_P_MANIFOLD-,Prop,
CAB_POD1_DAQ,2MM_2X8_PIN_HEADER,POD1_DAQ,15,28VDC_PWR,n,,POD1_DAQ_28VDC_PWR,Prop,
CAB_POD1_DAQ,2MM_2X8_PIN_HEADER,POD1_DAQ,16,28VDC_RTN,n,,POD1_DAQ_28VDC_RTN,Prop,
CAB_POD_2,2MM_2X13_PIN_HEADER,POD2,1,TEMP_V_G,n,,POD2_TEMP_V_G,CABProp,
CAB_POD_2,2MM_2X13_PIN_HEADER,POD2,2,TEMP_V_H,n,,POD2_TEMP_V_H,CABProp,
CAB_POD_2,2MM_2X13_PIN_HEADER,POD2,3,TEMP_A_1,n,,POD2_TEMP_A_1,CABProp,
CAB_POD_2,2MM_2X13_PIN_HEADER,POD2,4,TEMP_A_2,n,,POD2_TEMP_A_2,CABProp,
CAB_POD_2,2MM_2X13_PIN_HEADER,POD2,5,TEMP_A_3,n,,POD2_TEMP_A_3,CABProp,
CAB_POD_2,2MM_2X13_PIN_HEADER,POD2,6,POD_HTR_1-,n,,POD2_POD_HTR_1-,CABProp,
CAB_POD_2,2MM_2X13_PIN_HEADER,POD2,7,POD_HTR_2-,n,,POD2_POD_HTR_2-,CABProp,
CAB_POD_2,2MM_2X13_PIN_HEADER,POD2,8,POD_HTR_3-,n,,POD2_POD_HTR_3-,CABProp,
CAB_POD_2,2MM_2X13_PIN_HEADER,POD2,9,GHE_TANK_HTR-,n,,POD2_GHE_TANK_HTR-,CABProp,
CAB_POD_2,2MM_2X13_PIN_HEADER,POD2,10,H2O2_TANK_HTR-,n,,POD2_H2O2_TANK_HTR-,CABProp,
CAB_POD_2,2MM_2X13_PIN_HEADER,POD2,11,RP1_TANK_HTR-,n,,POD2_RP1_TANK_HTR-,CABProp,
CAB_POD_2,2MM_2X13_PIN_HEADER,POD2,12,12VDC_HTR,n,,POD2_12VDC_HTR,CABProp,
CAB_POD_2,2MM_2X13_PIN_HEADER,POD2,13,12VDC_HTR,n,,POD2_12VDC_HTR,CABProp,
CAB_POD_2,2MM_2X13_PIN_HEADER,POD2,14,12VDC_HTR,n,,POD2_12VDC_HTR,CABProp,
CAB_POD_2,2MM_2X13_PIN_HEADER,POD2,15,S_COARSE_4+,n,,POD2_S_COARSE_4+,CABProp,
CAB_POD_2,2MM_2X13_PIN_HEADER,POD2,16,S_COARSE_4-,n,,POD2_S_COARSE_4-,CABProp,
CAB_POD_2,2MM_2X13_PIN_HEADER,POD2,17,S_COARSE_5+,n,,POD2_S_COARSE_5+,CABProp,
CAB_POD_2,2MM_2X13_PIN_HEADER,POD2,18,S_COARSE_5-,n,,POD2_S_COARSE_5-,CABProp,
CAB_POD_2,2MM_2X13_PIN_HEADER,POD2,19,S_COARSE_6+,n,,POD2_S_COARSE_6+,CABProp,
CAB_POD_2,2MM_2X13_PIN_HEADER,POD2,20,S_COARSE_6-,n,,POD2_S_COARSE_6-,CABProp,
CAB_POD_2,2MM_2X13_PIN_HEADER,POD2,21,S_VERNIER_4+,n,,POD2_S_VERNIER_4+,CABProp,
CAB_POD_2,2MM_2X13_PIN_HEADER,POD2,22,S_VERNIER_4-,n,,POD2_S_VERNIER_4-,CABProp,
CAB_POD_2,2MM_2X13_PIN_HEADER,POD2,23,S_VERNIER_5+,n,,POD2_S_VERNIER_5+,CABProp,
CAB_POD_2,2MM_2X13_PIN_HEADER,POD2,24,S_VERNIER_5-,n,,POD2_S_VERNIER_5-,CABProp,
CAB_POD_2,2MM_2X13_PIN_HEADER,POD2,25,S_VERNIER_6+,n,,POD2_S_VERNIER_6+,CABProp,
CAB_POD_2,2MM_2X13_PIN_HEADER,POD2,26,S_VERNIER_6-,n,,POD2_S_VERNIER_6-,CABProp,
CAB_POD2_DAQ,2MM_2X8_PIN_HEADER,POD2_DAQ,1,TC1+,n,,POD2_DAQ_TC1+,Prop,
CAB_POD2_DAQ,2MM_2X8_PIN_HEADER,POD2_DAQ,2,TC1-,n,,POD2_DAQ_TC1-,Prop,
CAB_POD2_DAQ,2MM_2X8_PIN_HEADER,POD2_DAQ,3,TC2+,n,,POD2_DAQ_TC2+,Prop,
CAB_POD2_DAQ,2MM_2X8_PIN_HEADER,POD2_DAQ,4,TC2-,n,,POD2_DAQ_TC2-,Prop,
CAB_POD2_DAQ,2MM_2X8_PIN_HEADER,POD2_DAQ,5,TC3+,n,,POD2_DAQ_TC3+,Prop,
CAB_POD2_DAQ,2MM_2X8_PIN_HEADER,POD2_DAQ,6,TC3-,n,,POD2_DAQ_TC3-,Prop,
CAB_POD2_DAQ,2MM_2X8_PIN_HEADER,POD2_DAQ,7,TC4+,n,,POD2_DAQ_TC4+,Prop,
CAB_POD2_DAQ,2MM_2X8_PIN_HEADER,POD2_DAQ,8,TC4-,n,,POD2_DAQ_TC4-,Prop,
CAB_POD2_DAQ,2MM_2X8_PIN_HEADER,POD2_DAQ,9,COLD_JCN+,n,,POD2_DAQ_COLD_JCN+,Prop,
CAB_POD2_DAQ,2MM_2X8_PIN_HEADER,POD2_DAQ,10,COLD_JCN-,n,,POD2_DAQ_COLD_JCN-,Prop,GND (12VDC_RTN)
CAB_POD2_DAQ,2MM_2X8_PIN_HEADER,POD2_DAQ,11,12VDC_PWR,n,,POD2_DAQ_12VDC_PWR,Prop,
CAB_POD2_DAQ,2MM_2X8_PIN_HEADER,POD2_DAQ,12,12VDC_RTN,n,,POD2_DAQ_12VDC_RTN,Prop,
CAB_POD2_DAQ,2MM_2X8_PIN_HEADER,POD2_DAQ,13,P_MANIFOLD+,n,,POD2_DAQ_P_MANIFOLD+,Prop,
CAB_POD2_DAQ,2MM_2X8_PIN_HEADER,POD2_DAQ,14,P_MANIFOLD-,n,,POD2_DAQ_P_MANIFOLD-,Prop,
CAB_POD2_DAQ,2MM_2X8_PIN_HEADER,POD2_DAQ,15,28VDC_PWR,n,,POD2_DAQ_28VDC_PWR,Prop,
CAB_POD2_DAQ,2MM_2X8_PIN_HEADER,POD2_DAQ,16,28VDC_RTN,n,,POD2_DAQ_28VDC_RTN,Prop,
CAB_POD_3,2MM_2X13_PIN_HEADER,POD3,1,TEMP_V_C,n,,POD3_TEMP_V_C,CABProp,
CAB_POD_3,2MM_2X13_PIN_HEADER,POD3,2,TEMP_V_D,n,,POD3_TEMP_V_D,CABProp,
CAB_POD_3,2MM_2X13_PIN_HEADER,POD3,3,TEMP_A_1,n,,POD3_TEMP_A_1,CABProp,
CAB_POD_3,2MM_2X13_PIN_HEADER,POD3,4,TEMP_A_2,n,,POD3_TEMP_A_2,CABProp,
CAB_POD_3,2MM_2X13_PIN_HEADER,POD3,5,TEMP_A_3,n,,POD3_TEMP_A_3,CABProp,
CAB_POD_3,2MM_2X13_PIN_HEADER,POD3,6,POD_HTR_1-,n,,POD3_POD_HTR_1-,CABProp,
CAB_POD_3,2MM_2X13_PIN_HEADER,POD3,7,POD_HTR_2-,n,,POD3_POD_HTR_2-,CABProp,
CAB_POD_3,2MM_2X13_PIN_HEADER,POD3,8,POD_HTR_3-,n,,POD3_POD_HTR_3-,CABProp,
CAB_POD_3,2MM_2X13_PIN_HEADER,POD3,9,GHE_TANK_HTR-,n,,POD3_GHE_TANK_HTR-,CABProp,
CAB_POD_3,2MM_2X13_PIN_HEADER,POD3,10,H2O2_TANK_HTR-,n,,POD3_H2O2_TANK_HTR-,CABProp,
CAB_POD_3,2MM_2X13_PIN_HEADER,POD3,11,RP1_TANK_HTR-,n,,POD3_RP1_TANK_HTR-,CABProp,
CAB_POD_3,2MM_2X13_PIN_HEADER,POD3,12,12VDC_HTR,n,,POD3_12VDC_HTR,CABProp,
CAB_POD_3,2MM_2X13_PIN_HEADER,POD3,13,12VDC_HTR,n,,POD3_12VDC_HTR,CABProp,
CAB_POD_3,2MM_2X13_PIN_HEADER,POD3,14,12VDC_HTR,n,,POD3_12VDC_HTR,CABProp,
CAB_POD_3,2MM_2X13_PIN_HEADER,POD3,15,S_COARSE_7+,n,,POD3_S_COARSE_7+,CABProp,
CAB_POD_3,2MM_2X13_PIN_HEADER,POD3,16,S_COARSE_7-,n,,POD3_S_COARSE_7-,CABProp,
CAB_POD_3,2MM_2X13_PIN_HEADER,POD3,17,S_COARSE_8+,n,,POD3_S_COARSE_8+,CABProp,
CAB_POD_3,2MM_2X13_PIN_HEADER,POD3,18,S_COARSE_8-,n,,POD3_S_COARSE_8-,CABProp,
CAB_POD_3,2MM_2X13_PIN_HEADER,POD3,19,S_COARSE_9+,n,,POD3_S_COARSE_9+,CABProp,
CAB_POD_3,2MM_2X13_PIN_HEADER,POD3,20,S_COARSE_9-,n,,POD3_S_COARSE_9-,CABProp,
CAB_POD_3,2MM_2X13_PIN_HEADER,POD3,21,S_VERNIER_7+,n,,POD3_S_VERNIER_7+,CABProp,
CAB_POD_3,2MM_2X13_PIN_HEADER,POD3,22,S_VERNIER_7-,n,,POD3_S_VERNIER_7-,CABProp,
CAB_POD_3,2MM_2X13_PIN_HEADER,POD3,23,S_VERNIER_8+,n,,POD3_S_VERNIER_8+,CABProp,
CAB_POD_3,2MM_2X13_PIN_HEADER,POD3,24,S_VERNIER_8-,n,,POD3_S_VERNIER_8-,CABProp,
CAB_POD_3,2MM_2X13_PIN_HEADER,POD3,25,S_VERNIER_9+,n,,POD3_S_VERNIER_9+,CABProp,
CAB_POD_3,2MM_2X13_PIN_HEADER,POD3,26,S_VERNIER_9-,n,,POD3_S_VERNIER_9-,CABProp,
CAB_POD3_DAQ,2MM_2X8_PIN_HEADER,POD3_DAQ,1,TC1+,n,,POD3_DAQ_TC1+,Prop,
CAB_POD3_DAQ,2MM_2X8_PIN_HEADER,POD3_DAQ,2,TC1-,n,,POD3_DAQ_TC1-,Prop,
CAB_POD3_DAQ,2MM_2X8_PIN_HEADER,POD3_DAQ,3,TC2+,n,,POD3_DAQ_TC2+,Prop,
CAB_POD3_DAQ,2MM_2X8_PIN_HEADER,POD3_DAQ,4,TC2-,n,,POD3_DAQ_TC2-,Prop,
CAB_POD3_DAQ,2MM_2X8_PIN_HEADER,POD3_DAQ,5,TC3+,n,,POD3_DAQ_TC3+,Prop,
CAB_POD3_DAQ,2MM_2X8_PIN_HEADER,POD3_DAQ,6,TC3-,n,,POD3_DAQ_TC3-,Prop,
CAB_POD3_DAQ,2MM_2X8_PIN_HEADER,POD3_DAQ,7,TC4+,n,,POD3_DAQ_TC4+,Prop,
CAB_POD3_DAQ,2MM_2X8_PIN_HEADER,POD3_DAQ,8,TC4-,n,,POD3_DAQ_TC4-,Prop,
CAB_POD3_DAQ,2MM_2X8_PIN_HEADER,POD3_DAQ,9,COLD_JCN+,n,,POD3_DAQ_COLD_JCN+,Prop,
CAB_POD3_DAQ,2MM_2X8_PIN_HEADER,POD3_DAQ,10,COLD_JCN-,n,,POD3_DAQ_COLD_JCN-,Prop,GND (12VDC_RTN)
CAB_POD3_DAQ,2MM_2X8_PIN_HEADER,POD3_DAQ,11,12VDC_PWR,n,,POD3_DAQ_12VDC_PWR,Prop,
CAB_POD3_DAQ,2MM_2X8_PIN_HEADER,POD3_DAQ,12,12VDC_RTN,n,,POD3_DAQ_12VDC_RTN,Prop,
CAB_POD3_DAQ,2MM_2X8_PIN_HEADER,POD3_DAQ,13,P_MANIFOLD+,n,,POD3_DAQ_P_MANIFOLD+,Prop,
CAB_POD3_DAQ,2MM_2X8_PIN_HEADER,POD3_DAQ,14,P_MANIFOLD-,n,,POD3_DAQ_P_MANIFOLD-,Prop,
CAB_POD3_DAQ,2MM_2X8_PIN_HEADER,POD3_DAQ,15,28VDC_PWR,n,,POD3_DAQ_28VDC_PWR,Prop,
CAB_POD3_DAQ,2MM_2X8_PIN_HEADER,POD3_DAQ,16,28VDC_RTN,n,,POD3_DAQ_28VDC_RTN,Prop,
CAB_POD_4,2MM_2X13_PIN_HEADER,POD4,1,TEMP_V_A,n,,POD4_TEMP_V_A,CABProp,
CAB_POD_4,2MM_2X13_PIN_HEADER,POD4,2,TEMP_V_B,n,,POD4_TEMP_V_B,CABProp,
CAB_POD_4,2MM_2X13_PIN_HEADER,POD4,3,TEMP_A_5,n,,POD4_TEMP_A_5,CABProp,
CAB_POD_4,2MM_2X13_PIN_HEADER,POD4,4,TEMP_A_6,n,,POD4_TEMP_A_6,CABProp,
CAB_POD_4,2MM_2X13_PIN_HEADER,POD4,5,TEMP_A_7,n,,POD4_TEMP_A_7,CABProp,
CAB_POD_4,2MM_2X13_PIN_HEADER,POD4,6,POD_HTR_1-,n,,POD4_POD_HTR_1-,CABProp,
CAB_POD_4,2MM_2X13_PIN_HEADER,POD4,7,POD_HTR_2-,n,,POD4_POD_HTR_2-,CABProp,
CAB_POD_4,2MM_2X13_PIN_HEADER,POD4,8,POD_HTR_3-,n,,POD4_POD_HTR_3-,CABProp,
CAB_POD_4,2MM_2X13_PIN_HEADER,POD4,9,GHE_TANK_HTR-,n,,POD4_GHE_TANK_HTR-,CABProp,
CAB_POD_4,2MM_2X13_PIN_HEADER,POD4,10,H2O2_TANK_HTR-,n,,POD4_H2O2_TANK_HTR-,CABProp,
CAB_POD_4,2MM_2X13_PIN_HEADER,POD4,11,RP1_TANK_HTR-,n,,POD4_RP1_TANK_HTR-,CABProp,
CAB_POD_4,2MM_2X13_PIN_HEADER,POD4,12,12VDC_HTR,n,,POD4_12VDC_HTR,CABProp,
CAB_POD_4,2MM_2X13_PIN_HEADER,POD4,13,12VDC_HTR,n,,POD4_12VDC_HTR,CABProp,
CAB_POD_4,2MM_2X13_PIN_HEADER,POD4,14,12VDC_HTR,n,,POD4_12VDC_HTR,CABProp,
CAB_POD_4,2MM_2X13_PIN_HEADER,POD4,15,S_COARSE_10+,n,,POD4_S_COARSE_10+,CABProp,
CAB_POD_4,2MM_2X13_PIN_HEADER,POD4,16,S_COARSE_10-,n,,POD4_S_COARSE_10-,CABProp,
CAB_POD_4,2MM_2X13_PIN_HEADER,POD4,17,S_COARSE_11+,n,,POD4_S_COARSE_11+,CABProp,
CAB_POD_4,2MM_2X13_PIN_HEADER,POD4,18,S_COARSE_11-,n,,POD4_S_COARSE_11-,CABProp,
CAB_POD_4,2MM_2X13_PIN_HEADER,POD4,19,S_COARSE_12+,n,,POD4_S_COARSE_12+,CABProp,
CAB_POD_4,2MM_2X13_PIN_HEADER,POD4,20,S_COARSE_12-,n,,POD4_S_COARSE_12-,CABProp,
CAB_POD_4,2MM_2X13_PIN_HEADER,POD4,21,S_VERNIER_10+,n,,POD4_S_VERNIER_10+,CABProp,
CAB_POD_4,2MM_2X13_PIN_HEADER,POD4,22,S_VERNIER_10-,n,,POD4_S_VERNIER_10-,CABProp,
CAB_POD_4,2MM_2X13_PIN_HEADER,POD4,23,S_VERNIER_11+,n,,POD4_S_VERNIER_11+,CABProp,
CAB_POD_4,2MM_2X13_PIN_HEADER,POD4,24,S_VERNIER_11-,n,,POD4_S_VERNIER_11-,CABProp,
CAB_POD_4,2MM_2X13_PIN_HEADER,POD4,25,S_VERNIER_12+,n,,POD4_S_VERNIER_12+,CABProp,
CAB_POD_4,2MM_2X13_PIN_HEADER,POD4,26,S_VERNIER_12-,n,,POD4_S_VERNIER_12-,CABProp,
CAB_POD4_DAQ,2MM_2X8_PIN_HEADER,POD4_DAQ,1,TC1+,n,,POD4_DAQ_TC1+,Prop,
CAB_POD4_DAQ,2MM_2X8_PIN_HEADER,POD4_DAQ,2,TC1-,n,,POD4_DAQ_TC1-,Prop,
CAB_POD4_DAQ,2MM_2X8_PIN_HEADER,POD4_DAQ,3,TC2+,n,,POD4_DAQ_TC2+,Prop,
CAB_POD4_DAQ,2MM_2X8_PIN_HEADER,POD4_DAQ,4,TC2-,n,,POD4_DAQ_TC2-,Prop,
CAB_POD4_DAQ,2MM_2X8_PIN_HEADER,POD4_DAQ,5,TC3+,n,,POD4_DAQ_TC3+,Prop,
CAB_POD4_DAQ,2MM_2X8_PIN_HEADER,POD4_DAQ,6,TC3-,n,,POD4_DAQ_TC3-,Prop,
CAB_POD4_DAQ,2MM_2X8_PIN_HEADER,POD4_DAQ,7,TC4+,n,,POD4_DAQ_TC4+,Prop,
CAB_POD4_DAQ,2MM_2X8_PIN_HEADER,POD4_DAQ,8,TC4-,n,,POD4_DAQ_TC4-,Prop,
CAB_POD4_DAQ,2MM_2X8_PIN_HEADER,POD4_DAQ,9,COLD_JCN+,n,,POD4_DAQ_COLD_JCN+,Prop,
CAB_POD4_DAQ,2MM_2X8_PIN_HEADER,POD4_DAQ,10,COLD_JCN-,n,,POD4_DAQ_COLD_JCN-,Prop,
CAB_POD4_DAQ,2MM_2X8_PIN_HEADER,POD4_DAQ,11,12VDC_PWR,n,,POD4_DAQ_12VDC_PWR,Prop,
CAB_POD4_DAQ,2MM_2X8_PIN_HEADER,POD4_DAQ,12,12VDC_RTN,n,,POD4_DAQ_12VDC_RTN,Prop,
CAB_POD4_DAQ,2MM_2X8_PIN_HEADER,POD4_DAQ,13,P_MANIFOLD+,n,,POD4_DAQ_P_MANIFOLD+,Prop,
CAB_POD4_DAQ,2MM_2X8_PIN_HEADER,POD4_DAQ,14,P_MANIFOLD-,n,,POD4_DAQ_P_MANIFOLD-,Prop,
CAB_POD4_DAQ,2MM_2X8_PIN_HEADER,POD4_DAQ,15,28VDC_PWR,n,,POD4_DAQ_28VDC_PWR,Prop,
CAB_POD4_DAQ,2MM_2X8_PIN_HEADER,POD4_DAQ,16,28VDC_RTN,n,,POD4_DAQ_28VDC_RTN,Prop,
CAB_PROP_DECK_ADC,2MM_2X7_PIN_HEADER,PROP_DECK_XDCR,1,28VDC_PWR,n,,PROP_DECK_XDCR_1,CABProp,
CAB_PROP_DECK_ADC,2MM_2X7_PIN_HEADER,PROP_DECK_XDCR,2,28VDC_RTN,n,,PROP_DECK_XDCR_2,CABProp,
CAB_PROP_DECK_ADC,2MM_2X7_PIN_HEADER,PROP_DECK_XDCR,3,P_GHE_TANK_MANIFOLD+,n,,PROP_DECK_XDCR_3,CABProp,PRT-511
CAB_PROP_DECK_ADC,2MM_2X7_PIN_HEADER,PROP_DECK_XDCR,4,P_GHE_TANK_MANIFOLD-,n,,PROP_DECK_XDCR_4,CABProp,PRT-511
CAB_PROP_DECK_ADC,2MM_2X7_PIN_HEADER,PROP_DECK_XDCR,5,P_GHE_PNEUMATIC+,n,,PROP_DECK_XDCR_5,CABProp,PRT-635
CAB_PROP_DECK_ADC,2MM_2X7_PIN_HEADER,PROP_DECK_XDCR,6,P_GHE_PNEUMATIC-,n,,PROP_DECK_XDCR_6,CABProp,PRT-635
CAB_PROP_DECK_ADC,2MM_2X7_PIN_HEADER,PROP_DECK_XDCR,7,P_H2O2_TANK+,n,,PROP_DECK_XDCR_7,CABProp,PRT-306
CAB_PROP_DECK_ADC,2MM_2X7_PIN_HEADER,PROP_DECK_XDCR,8,P_H2O2_TANK-,n,,PROP_DECK_XDCR_8,CABProp,PRT-306
CAB_PROP_DECK_ADC,2MM_2X7_PIN_HEADER,PROP_DECK_XDCR,9,P_RP1_TANK+,n,,PROP_DECK_XDCR_9,CABProp,PRT-406
CAB_PROP_DECK_ADC,2MM_2X7_PIN_HEADER,PROP_DECK_XDCR,10,P_RP1_TANK-,n,,PROP_DECK_XDCR_10,CABProp,PRT-406
CAB_PROP_DECK_ADC,2MM_2X7_PIN_HEADER,PROP_DECK_XDCR,11,P_MAIN_ENGINE_CHAMBER+,n,,PROP_DECK_XDCR_11,CABProp,PT-026
CAB_PROP_DECK_ADC,2MM_2X7_PIN_HEADER,PROP_DECK_XDCR,12,P_MAIN_ENGINE_CHAMBER-,n,,PROP_DECK_XDCR_12,CABProp,PT-026
CAB_PROP_DECK_ADC,2MM_2X7_PIN_HEADER,PROP_DECK_XDCR,13,P_SPARE+,n,,PROP_DECK_XDCR_13,CABProp,
CAB_PROP_DECK_ADC,2MM_2X7_PIN_HEADER,PROP_DECK_XDCR,14,P_SPARE-,n,,PROP_DECK_XDCR_14,CABProp,
CAB_PROP_ELEC_VALVES,2MM_2X4_PIN_HEADER,PROP_ELEC_VALVES,1,28VDC_PWR,n,,PROP_ELEC_VALVES_1,CABProp,
CAB_PROP_ELEC_VALVES,2MM_2X4_PIN_HEADER,PROP_ELEC_VALVES,2,28VDC_PWR,n,,PROP_ELEC_VALVES_2,CABProp,
CAB_PROP_ELEC_VALVES,2MM_2X4_PIN_HEADER,PROP_ELEC_VALVES,3,28VDC_RTN,n,,PROP_ELEC_VALVES_3,CABProp,
CAB_PROP_ELEC_VALVES,2MM_2X4_PIN_HEADER,PROP_ELEC_VALVES,4,28VDC_RTN,n,,PROP_ELEC_VALVES_4,CABProp,
CAB_PROP_ELEC_VALVES,2MM_2X4_PIN_HEADER,PROP_ELEC_VALVES,5,THRTL_485_B_D+,n,,PROP_ELEC_VALVES_5,CABProp,
CAB_PROP_ELEC_VALVES,2MM_2X4_PIN_HEADER,PROP_ELEC_VALVES,6,THRTL_485_A_D-,n,,PROP_ELEC_VALVES_6,CABProp,
CAB_PROP_ELEC_VALVES,2MM_2X4_PIN_HEADER,PROP_ELEC_VALVES,7,NC,n,,NC,CABProp,
CAB_PROP_ELEC_VALVES,2MM_2X4_PIN_HEADER,PROP_ELEC_VALVES,8,CHASSIS,n,,PROP_ELEC_VALVES_CHASSIS,CABProp,
CAB_PROP_DECK_VALVES,2MM_2X10_PIN_HEADER,PROP_SOL_VALVES,1,S_H2O2_TANK_PRESSURANT+,n,,PROP_SOL_VALVES_S_H2O2_TANK_PRESSURANT+,CABProp,
CAB_PROP_DECK_VALVES,2MM_2X10_PIN_HEADER,PROP_SOL_VALVES,2,S_H2O2_TANK_PRESSURANT-,n,,PROP_SOL_VALVES_S_H2O2_TANK_PRESSURANT-,CABProp,
CAB_PROP_DECK_VALVES,2MM_2X10_PIN_HEADER,PROP_SOL_VALVES,3,S_H2O2_TANK_PRESSURANT_VENT+,n,,PROP_SOL_VALVES_S_H2O2_TANK_PRESSURANT_VENT+,CABProp,
CAB_PROP_DECK_VALVES,2MM_2X10_PIN_HEADER,PROP_SOL_VALVES,4,S_H2O2_TANK_PRESSURANT_VENT-,n,,PROP_SOL_VALVES_S_H2O2_TANK_PRESSURANT_VENT-,CABProp,
CAB_PROP_DECK_VALVES,2MM_2X10_PIN_HEADER,PROP_SOL_VALVES,5,S_H2O2_TANK_OUTLET+,n,,PROP_SOL_VALVES_S_H2O2_TANK_OUTLET+,CABProp,
CAB_PROP_DECK_VALVES,2MM_2X10_PIN_HEADER,PROP_SOL_VALVES,6,S_H2O2_TANK_OUTLET-,n,,PROP_SOL_VALVES_S_H2O2_TANK_OUTLET-,CABProp,
CAB_PROP_DECK_VALVES,2MM_2X10_PIN_HEADER,PROP_SOL_VALVES,7,S_H2O2_MAIN_ENGINE_PURGE+,n,,PROP_SOL_VALVES_S_H2O2_MAIN_ENGINE_PURGE+,CABProp,
CAB_PROP_DECK_VALVES,2MM_2X10_PIN_HEADER,PROP_SOL_VALVES,8,S_H2O2_MAIN_ENGINE_PURGE-,n,,PROP_SOL_VALVES_S_H2O2_MAIN_ENGINE_PURGE-,CABProp,
CAB_PROP_DECK_VALVES,2MM_2X10_PIN_HEADER,PROP_SOL_VALVES,9,S_H2O2_MAIN_ENGINE_FEED+,n,,PROP_SOL_VALVES_S_H2O2_MAIN_ENGINE_FEED+,CABProp,
CAB_PROP_DECK_VALVES,2MM_2X10_PIN_HEADER,PROP_SOL_VALVES,10,S_H2O2_MAIN_ENGINE_FEED-,n,,PROP_SOL_VALVES_S_H2O2_MAIN_ENGINE_FEED-,CABProp,
CAB_PROP_DECK_VALVES,2MM_2X10_PIN_HEADER,PROP_SOL_VALVES,11,S_RP1_TANK_OUTLET+,n,,PROP_SOL_VALVES_S_RP1_TANK_OUTLET+,CABProp,
CAB_PROP_DECK_VALVES,2MM_2X10_PIN_HEADER,PROP_SOL_VALVES,12,S_RP1_TANK_OUTLET-,n,,PROP_SOL_VALVES_S_RP1_TANK_OUTLET-,CABProp,
CAB_PROP_DECK_VALVES,2MM_2X10_PIN_HEADER,PROP_SOL_VALVES,13,S_RP1_TANK_PRESSURANT+,n,,PROP_SOL_VALVES_S_RP1_TANK_PRESSURANT+,CABProp,
CAB_PROP_DECK_VALVES,2MM_2X10_PIN_HEADER,PROP_SOL_VALVES,14,S_RP1_TANK_PRESSURANT-,n,,PROP_SOL_VALVES_S_RP1_TANK_PRESSURANT-,CABProp,
CAB_PROP_DECK_VALVES,2MM_2X10_PIN_HEADER,PROP_SOL_VALVES,15,S_RP1_TANK_PRESSURANT_VENT+,n,,PROP_SOL_VALVES_S_RP1_TANK_PRESSURANT_VENT+,CABProp,
CAB_PROP_DECK_VALVES,2MM_2X10_PIN_HEADER,PROP_SOL_VALVES,16,S_RP1_TANK_PRESSURANT_VENT-,n,,PROP_SOL_VALVES_S_RP1_TANK_PRESSURANT_VENT-,CABProp,
CAB_PROP_DECK_VALVES,2MM_2X10_PIN_HEADER,PROP_SOL_VALVES,17,S_RP1_MAIN_ENGINE_PURGE+,n,,PROP_SOL_VALVES_S_RP1_MAIN_ENGINE_PURGE+,CABProp,
CAB_PROP_DECK_VALVES,2MM_2X10_PIN_HEADER,PROP_SOL_VALVES,18,S_RP1_MAIN_ENGINE_PURGE-,n,,PROP_SOL_VALVES_S_RP1_MAIN_ENGINE_PURGE-,CABProp,
CAB_PROP_DECK_VALVES,2MM_2X10_PIN_HEADER,PROP_SOL_VALVES,19,S_RP1_MAIN_ENGINE_FEED+,n,,PROP_SOL_VALVES_S_RP1_MAIN_ENGINE_FEED+,CABProp,
CAB_PROP_DECK_VALVES,2MM_2X10_PIN_HEADER,PROP_SOL_VALVES,20,S_RP1_MAIN_ENGINE_FEED-,n,,PROP_SOL_VALVES_S_RP1_MAIN_ENGINE_FEED-,CABProp,
CAB_PROP_DECK_HTRS,2MM_2X5_PIN_HEADER,PROP_DECK_HTRS,1,TEMP_V_E,n,,PROP_DECK_HTRS_TEMP_V_E,CABProp,
CAB_PROP_DECK_HTRS,2MM_2X5_PIN_HEADER,PROP_DECK_HTRS,2,TEMP_V_F,n,,PROP_DECK_HTRS_TEMP_V_F,CABProp,
CAB_PROP_DECK_HTRS,2MM_2X5_PIN_HEADER,PROP_DECK_HTRS,3,TEMP_A_1,n,,PROP_DECK_HTRS_TEMP_A_1,CABProp,
CAB_PROP_DECK_HTRS,2MM_2X5_PIN_HEADER,PROP_DECK_HTRS,4,TEMP_A_2,n,,PROP_DECK_HTRS_TEMP_A_2,CABProp,
CAB_PROP_DECK_HTRS,2MM_2X5_PIN_HEADER,PROP_DECK_HTRS,5,TBD_HTR_1-,n,,PROP_DECK_HTRS_TBD_HTR_1-,CABProp,
CAB_PROP_DECK_HTRS,2MM_2X5_PIN_HEADER,PROP_DECK_HTRS,6,TBD_HTR_2-,n,,PROP_DECK_HTRS_TBD_HTR_2-,CABProp,
CAB_PROP_DECK_HTRS,2MM_2X5_PIN_HEADER,PROP_DECK_HTRS,7,TDB_HTR_3-,n,,PROP_DECK_HTRS_TDB_HTR_3-,CABProp,
CAB_PROP_DECK_HTRS,2MM_2X5_PIN_HEADER,PROP_DECK_HTRS,8,MAIN_ENGINE_CAT_HTR-,n,,PROP_DECK_HTRS_MAIN_ENGINE_CAT_HTR-,CABProp,
CAB_PROP_DECK_HTRS,2MM_2X5_PIN_HEADER,PROP_DECK_HTRS,9,12VDC_HTR,n,,PROP_DECK_HTRS_12VDC_HTR,CABProp,
CAB_PROP_DECK_HTRS,2MM_2X5_PIN_HEADER,PROP_DECK_HTRS,10,12VDC_HTR,n,,PROP_DECK_HTRS_12VDC_HTR,CABProp,
CAB_PROP_DECK_DAQ,2MM_2X13_PIN_HEADER,PROP_DECK_DAQ,1,28VDC_PWR,n,,PROP_DECK_DAQ_28VDC_PWR,Prop,
CAB_PROP_DECK_DAQ,2MM_2X13_PIN_HEADER,PROP_DECK_DAQ,2,28VDC_RTN,n,,PROP_DECK_DAQ_28VDC_RTN,Prop,
CAB_PROP_DECK_DAQ,2MM_2X13_PIN_HEADER,PROP_DECK_DAQ,3,P_H2O2_TANK_2+,n,,PROP_DECK_DAQ_P_H2O2_TANK_2+,Prop,
CAB_PROP_DECK_DAQ,2MM_2X13_PIN_HEADER,PROP_DECK_DAQ,4,P_H2O2_TANK_2-,n,,PROP_DECK_DAQ_P_H2O2_TANK_2-,Prop,
CAB_PROP_DECK_DAQ,2MM_2X13_PIN_HEADER,PROP_DECK_DAQ,5,P_MAIN_ENGINE_CHAMBER_2+,n,,PROP_DECK_DAQ_P_MAIN_ENGINE_CHAMBER_2+,Prop,
CAB_PROP_DECK_DAQ,2MM_2X13_PIN_HEADER,PROP_DECK_DAQ,6,P_MAIN_ENGINE_CHAMBER_2-,n,,PROP_DECK_DAQ_P_MAIN_ENGINE_CHAMBER_2-,Prop,
CAB_PROP_DECK_DAQ,2MM_2X13_PIN_HEADER,PROP_DECK_DAQ,7,P_H2O2_TANK_OUTLET+,n,,PROP_DECK_DAQ_P_H2O2_TANK_OUTLET+,Prop,
CAB_PROP_DECK_DAQ,2MM_2X13_PIN_HEADER,PROP_DECK_DAQ,8,P_H2O2_TANK_OUTLET-,n,,PROP_DECK_DAQ_P_H2O2_TANK_OUTLET-,Prop,
CAB_PROP_DECK_DAQ,2MM_2X13_PIN_HEADER,PROP_DECK_DAQ,9,P_H2O2_POD_MANIFOLD_FEED+,n,,PROP_DECK_DAQ_P_H2O2_POD_MANIFOLD_FEED+,Prop,
CAB_PROP_DECK_DAQ,2MM_2X13_PIN_HEADER,PROP_DECK_DAQ,10,P_H2O2_POD_MANIFOLD_FEED-,n,,PROP_DECK_DAQ_P_H2O2_POD_MANIFOLD_FEED-,Prop,
CAB_PROP_DECK_DAQ,2MM_2X13_PIN_HEADER,PROP_DECK_DAQ,11,P_H2O2_MAIN_ENGINE_INJECTOR+,n,,PROP_DECK_DAQ_P_H2O2_MAIN_ENGINE_INJECTOR+,Prop,
CAB_PROP_DECK_DAQ,2MM_2X13_PIN_HEADER,PROP_DECK_DAQ,12,P_H2O2_MAIN_ENGINE_INJECTOR-,n,,PROP_DECK_DAQ_P_H2O2_MAIN_ENGINE_INJECTOR-,Prop,
CAB_PROP_DECK_DAQ,2MM_2X13_PIN_HEADER,PROP_DECK_DAQ,13,TC_GHE_TANK_MANIFOLD+,n,,PROP_DECK_DAQ_TC_GHE_TANK_MANIFOLD+,Prop,
CAB_PROP_DECK_DAQ,2MM_2X13_PIN_HEADER,PROP_DECK_DAQ,14,TC_GHE_TANK_MANIFOLD-,n,,PROP_DECK_DAQ_TC_GHE_TANK_MANIFOLD-,Prop,
CAB_PROP_DECK_DAQ,2MM_2X13_PIN_HEADER,PROP_DECK_DAQ,15,TC_GHE_PNEUMATIC+,n,,PROP_DECK_DAQ_TC_GHE_PNEUMATIC+,Prop,
CAB_PROP_DECK_DAQ,2MM_2X13_PIN_HEADER,PROP_DECK_DAQ,16,TC_GHE_PNEUMATIC-,n,,PROP_DECK_DAQ_TC_GHE_PNEUMATIC-,Prop,
CAB_PROP_DECK_DAQ,2MM_2X13_PIN_HEADER,PROP_DECK_DAQ,17,TC_H2O2_TANK+,n,,PROP_DECK_DAQ_TC_H2O2_TANK+,Prop,
CAB_PROP_DECK_DAQ,2MM_2X13_PIN_HEADER,PROP_DECK_DAQ,18,TC_H2O2_TANK-,n,,PROP_DECK_DAQ_TC_H2O2_TANK-,Prop,
CAB_PROP_DECK_DAQ,2MM_2X13_PIN_HEADER,PROP_DECK_DAQ,19,TC_H2O2_TANK_OUTLET+,n,,PROP_DECK_DAQ_TC_H2O2_TANK_OUTLET+,Prop,
CAB_PROP_DECK_DAQ,2MM_2X13_PIN_HEADER,PROP_DECK_DAQ,20,TC_H2O2_TANK_OUTLET-,n,,PROP_DECK_DAQ_TC_H2O2_TANK_OUTLET-,Prop,
CAB_PROP_DECK_DAQ,2MM_2X13_PIN_HEADER,PROP_DECK_DAQ,21,TC_H2O2_POD_MANIFOLD_FEED+,n,,PROP_DECK_DAQ_TC_H2O2_POD_MANIFOLD_FEED+,Prop,
CAB_PROP_DECK_DAQ,2MM_2X13_PIN_HEADER,PROP_DECK_DAQ,22,TC_H2O2_POD_MANIFOLD_FEED-,n,,PROP_DECK_DAQ_TC_H2O2_POD_MANIFOLD_FEED-,Prop,
CAB_PROP_DECK_DAQ,2MM_2X13_PIN_HEADER,PROP_DECK_DAQ,23,TC_H2O2_MAIN_ENGINE_INJECTOR+,n,,PROP_DECK_DAQ_TC_H2O2_MAIN_ENGINE_INJECTOR+,Prop,
CAB_PROP_DECK_DAQ,2MM_2X13_PIN_HEADER,PROP_DECK_DAQ,24,TC_H2O2_MAIN_ENGINE_INJECTOR-,n,,PROP_DECK_DAQ_TC_H2O2_MAIN_ENGINE_INJECTOR-,Prop,
CAB_PROP_DECK_DAQ,2MM_2X13_PIN_HEADER,PROP_DECK_DAQ,25,TC_MAIN_ENGINE_CHAMBER+,n,,PROP_DECK_DAQ_TC_MAIN_ENGINE_CHAMBER+,Prop,
CAB_PROP_DECK_DAQ,2MM_2X13_PIN_HEADER,PROP_DECK_DAQ,26,TC_MAIN_ENGINE_CHAMBER-,n,,PROP_DECK_DAQ_TC_MAIN_ENGINE_CHAMBER-,Prop,
POD,2MM_2X13_PIN_HEADER,POD,1,TEMP_V1,n,,POD_TEMP_V1,POD,
POD,2MM_2X13_PIN_HEADER,POD,2,TEMP_V2,n,,POD_TEMP_V2,POD,
POD,2MM_2X13_PIN_HEADER,POD,3,TEMP_A1,n,,POD_TEMP_A1,POD,
POD,2MM_2X13_PIN_HEADER,POD,4,TEMP_A2,n,,POD_TEMP_A2,POD,
POD,2MM_2X13_PIN_HEADER,POD,5,TEMP_A3,n,,POD_TEMP_A3,POD,
POD,2MM_2X13_PIN_HEADER,POD,6,POD_HTR_1-,n,,POD_POD_HTR_1-,POD,
POD,2MM_2X13_PIN_HEADER,POD,7,POD_HTR_2-,n,,POD_POD_HTR_2-,POD,
POD,2MM_2X13_PIN_HEADER,POD,8,POD_HTR_3-,n,,POD_POD_HTR_3-,POD,
POD,2MM_2X13_PIN_HEADER,POD,9,GHE_TANK_HTR-,n,,POD_GHE_TANK_HTR-,POD,
POD,2MM_2X13_PIN_HEADER,POD,10,H2O2_TANK_HTR-,n,,POD_H2O2_TANK_HTR-,POD,
POD,2MM_2X13_PIN_HEADER,POD,11,RP1_TANK_HTR-,n,,POD_RP1_TANK_HTR-,POD,
POD,2MM_2X13_PIN_HEADER,POD,12,12VDC_HTR,n,,POD_12VDC_HTR,POD,
POD,2MM_2X13_PIN_HEADER,POD,13,12VDC_HTR,n,,POD_12VDC_HTR,POD,
POD,2MM_2X13_PIN_HEADER,POD,14,12VDC_HTR,n,,POD_12VDC_HTR,POD,
POD,2MM_2X13_PIN_HEADER,POD,15,S_COARSE_L+,n,,POD_S_COARSE_L+,POD,
POD,2MM_2X13_PIN_HEADER,POD,16,S_COARSE_L-,n,,POD_S_COARSE_L-,POD,
POD,2MM_2X13_PIN_HEADER,POD,17,S_COARSE_C+,n,,POD_S_COARSE_C+,POD,
POD,2MM_2X13_PIN_HEADER,POD,18,S_COARSE_C-,n,,POD_S_COARSE_C-,POD,
POD,2MM_2X13_PIN_HEADER,POD,19,S_COARSE_R+,n,,POD_S_COARSE_R+,POD,
POD,2MM_2X13_PIN_HEADER,POD,20,S_COARSE_R-,n,,POD_S_COARSE_R-,POD,
POD,2MM_2X13_PIN_HEADER,POD,21,S_VERNIER_X+,n,,POD_S_VERNIER_X+,POD,
POD,2MM_2X13_PIN_HEADER,POD,22,S_VERNIER_X-,n,,POD_S_VERNIER_X-,POD,
POD,2MM_2X13_PIN_HEADER,POD,23,S_VERNIER_Y+,n,,POD_S_VERNIER_Y+,POD,
POD,2MM_2X13_PIN_HEADER,POD,24,S_VERNIER_Y-,n,,POD_S_VERNIER_Y-,POD,
POD,2MM_2X13_PIN_HEADER,POD,25,S_VERNIER_Z+,n,,POD_S_VERNIER_Z+,POD,
POD,2MM_2X13_PIN_HEADER,POD,26,S_VERNIER_Z-,n,,POD_S_VERNIER_Z-,POD,
CAB_SA_Panel_1-2,2MM_2X8_PIN_HEADER,SA_IN_1-2,1,4VDC_PWR_SA1,n,,SA_IN_1-2_4VDC_PWR_SA1,Power,
CAB_SA_Panel_1-2,2MM_2X8_PIN_HEADER,SA_IN_1-2,2,4VDC_RTN_SA1,n,,SA_IN_1-2_4VDC_RTN_SA1,Power,
CAB_SA_Panel_1-2,2MM_2X8_PIN_HEADER,SA_IN_1-2,3,12VDC_PWR_SA1,n,,SA_IN_1-2_4VDC_PWR_SA2,Power,
CAB_SA_Panel_1-2,2MM_2X8_PIN_HEADER,SA_IN_1-2,4,12VDC_RTN_SA1,n,,SA_IN_1-2_4VDC_RTN_SA2,Power,
CAB_SA_Panel_1-2,2MM_2X8_PIN_HEADER,SA_IN_1-2,5,28VDC_PWR_SA1,n,,SA_IN_1-2_4VDC_PWR_SA2,Power,
CAB_SA_Panel_1-2,2MM_2X8_PIN_HEADER,SA_IN_1-2,6,28VDC_RTN_SA1,n,,SA_IN_1-2_4VDC_RTN_SA2,Power,
CAB_SA_Panel_1-2,2MM_2X8_PIN_HEADER,SA_IN_1-2,7,4VDC_PWR_SA2,n,,SA_IN_1-2_12VDC_PWR_SA1,Power,
CAB_SA_Panel_1-2,2MM_2X8_PIN_HEADER,SA_IN_1-2,8,4VDC_RTN_SA2,n,,SA_IN_1-2_12VDC_RTN_SA1,Power,
CAB_SA_Panel_1-2,2MM_2X8_PIN_HEADER,SA_IN_1-2,9,4VDC_PWR_SA2,n,,SA_IN_1-2_12VDC_PWR_SA2,Power,
CAB_SA_Panel_1-2,2MM_2X8_PIN_HEADER,SA_IN_1-2,10,4VDC_RTN_SA2,n,,SA_IN_1-2_12VDC_RTN_SA2,Power,
CAB_SA_Panel_1-2,2MM_2X8_PIN_HEADER,SA_IN_1-2,11,12VDC_PWR_SA2,n,,SA_IN_1-2_12VDC_PWR_SA2,Power,
CAB_SA_Panel_1-2,2MM_2X8_PIN_HEADER,SA_IN_1-2,12,12VDC_RTN_SA2,n,,SA_IN_1-2_12VDC_RTN_SA2,Power,
CAB_SA_Panel_1-2,2MM_2X8_PIN_HEADER,SA_IN_1-2,13,12VDC_PWR_SA2,n,,SA_IN_1-2_28VDC_PWR_SA1,Power,
CAB_SA_Panel_1-2,2MM_2X8_PIN_HEADER,SA_IN_1-2,14,12VDC_RTN_SA2,n,,SA_IN_1-2_28VDC_RTN_SA1,Power,
CAB_SA_Panel_1-2,2MM_2X8_PIN_HEADER,SA_IN_1-2,15,28VDC_PWR_SA2,n,,SA_IN_1-2_28VDC_PWR_SA2,Power,
CAB_SA_Panel_1-2,2MM_2X8_PIN_HEADER,SA_IN_1-2,16,28VDC_RTN_SA2,n,,SA_IN_1-2_28VDC_RTN_SA2,Power,
CAB_SA_Panel_3,2MM_2X7_PIN_HEADER,SA_IN_3,1,4VDC_PWR_SA3,n,,SA_IN_3_4VDC_PWR_SA3,Power,
CAB_SA_Panel_3,2MM_2X7_PIN_HEADER,SA_IN_3,2,4VDC_RTN_SA3,n,,SA_IN_3_4VDC_RTN_SA3,Power,
CAB_SA_Panel_3,2MM_2X7_PIN_HEADER,SA_IN_3,3,4VDC_PWR_SA3,n,,SA_IN_3_4VDC_PWR_SA3,Power,
CAB_SA_Panel_3,2MM_2X7_PIN_HEADER,SA_IN_3,4,4VDC_RTN_SA3,n,,SA_IN_3_4VDC_RTN_SA3,Power,
CAB_SA_Panel_3,2MM_2X7_PIN_HEADER,SA_IN_3,5,12VDC_PWR_SA3,n,,SA_IN_3_12VDC_PWR_SA3,Power,
CAB_SA_Panel_3,2MM_2X7_PIN_HEADER,SA_IN_3,6,12VDC_RTN_SA3,n,,SA_IN_3_12VDC_RTN_SA3,Power,
CAB_SA_Panel_3,2MM_2X7_PIN_HEADER,SA_IN_3,7,12VDC_PWR_SA3,n,,SA_IN_3_12VDC_PWR_SA3,Power,
CAB_SA_Panel_3,2MM_2X7_PIN_HEADER,SA_IN_3,8,12VDC_RTN_SA3,n,,SA_IN_3_12VDC_RTN_SA3,Power,
CAB_SA_Panel_3,2MM_2X7_PIN_HEADER,SA_IN_3,9,28VDC_PWR_SA3,n,,SA_IN_3_28VDC_PWR_SA3,Power,
CAB_SA_Panel_3,2MM_2X7_PIN_HEADER,SA_IN_3,10,28VDC_RTN_SA3,n,,SA_IN_3_28VDC_RTN_SA3,Power,
CAB_SA_Panel_3,2MM_2X7_PIN_HEADER,SA_IN_3,11,TEMP_V_A_SA3,n,,SA_IN_3_TEMP_V_A_SA3,Power,
CAB_SA_Panel_3,2MM_2X7_PIN_HEADER,SA_IN_3,12,TEMP_A_8_SA3,n,,SA_IN_3_TEMP_A_8_SA3,Power,
CAB_SA_Panel_3,2MM_2X7_PIN_HEADER,SA_IN_3,13,NC,n,,NC,Power,
CAB_SA_Panel_3,2MM_2X7_PIN_HEADER,SA_IN_3,14,NC,n,,NC,Power,
CAB_SA_Panel_4-5,2MM_2X8_PIN_HEADER,SA_IN_4-5,1,4VDC_PWR_SA4,n,,SA_IN_4-5_4VDC_PWR_SA5,Power,
CAB_SA_Panel_4-5,2MM_2X8_PIN_HEADER,SA_IN_4-5,2,4VDC_RTN_SA4,n,,SA_IN_4-5_4VDC_RTN_SA5,Power,
CAB_SA_Panel_4-5,2MM_2X8_PIN_HEADER,SA_IN_4-5,3,4VDC_PWR_SA4,n,,SA_IN_4-5_4VDC_PWR_SA4,Power,
CAB_SA_Panel_4-5,2MM_2X8_PIN_HEADER,SA_IN_4-5,4,4VDC_RTN_SA4,n,,SA_IN_4-5_4VDC_RTN_SA4,Power,
CAB_SA_Panel_4-5,2MM_2X8_PIN_HEADER,SA_IN_4-5,5,12VDC_PWR_SA4,n,,SA_IN_4-5_4VDC_PWR_SA4,Power,
CAB_SA_Panel_4-5,2MM_2X8_PIN_HEADER,SA_IN_4-5,6,12VDC_RTN_SA4,n,,SA_IN_4-5_4VDC_RTN_SA4,Power,
CAB_SA_Panel_4-5,2MM_2X8_PIN_HEADER,SA_IN_4-5,7,12VDC_PWR_SA4,n,,SA_IN_4-5_12VDC_PWR_SA5,Power,
CAB_SA_Panel_4-5,2MM_2X8_PIN_HEADER,SA_IN_4-5,8,12VDC_RTN_SA4,n,,SA_IN_4-5_12VDC_RTN_SA5,Power,
CAB_SA_Panel_4-5,2MM_2X8_PIN_HEADER,SA_IN_4-5,9,28VDC_PWR_SA4,n,,SA_IN_4-5_12VDC_PWR_SA4,Power,
CAB_SA_Panel_4-5,2MM_2X8_PIN_HEADER,SA_IN_4-5,10,28VDC_RTN_SA4,n,,SA_IN_4-5_12VDC_RTN_SA4,Power,
CAB_SA_Panel_4-5,2MM_2X8_PIN_HEADER,SA_IN_4-5,11,4VDC_PWR_SA5,n,,SA_IN_4-5_12VDC_PWR_SA4,Power,
CAB_SA_Panel_4-5,2MM_2X8_PIN_HEADER,SA_IN_4-5,12,4VDC_RTN_SA5,n,,SA_IN_4-5_12VDC_RTN_SA4,Power,
CAB_SA_Panel_4-5,2MM_2X8_PIN_HEADER,SA_IN_4-5,13,12VDC_PWR_SA5,n,,SA_IN_4-5_28VDC_PWR_SA5,Power,
CAB_SA_Panel_4-5,2MM_2X8_PIN_HEADER,SA_IN_4-5,14,12VDC_RTN_SA5,n,,SA_IN_4-5_28VDC_RTN_SA5,Power,
CAB_SA_Panel_4-5,2MM_2X8_PIN_HEADER,SA_IN_4-5,15,28VDC_PWR_SA5,n,,SA_IN_4-5_28VDC_PWR_SA4,Power,
CAB_SA_Panel_4-5,2MM_2X8_PIN_HEADER,SA_IN_4-5,16,28VDC_RTN_SA5,n,,SA_IN_4-5_28VDC_RTN_SA4,Power,
CAB_4V_12V_BATTERY,2MM_2X13_RIGHT_ANGLE_SOCKET,BATTERY_DISCONNECT_BOARD,1,12VDC_PWR,n,,BATTERY_DISCONNECT_BOARD_12VDC_PWR,Power,
CAB_4V_12V_BATTERY,2MM_2X13_RIGHT_ANGLE_SOCKET,BATTERY_DISCONNECT_BOARD,2,12VDC_RTN,n,,BATTERY_DISCONNECT_BOARD_12VDC_RTN,Power,
CAB_4V_12V_BATTERY,2MM_2X13_RIGHT_ANGLE_SOCKET,BATTERY_DISCONNECT_BOARD,3,12VDC_PWR,n,,BATTERY_DISCONNECT_BOARD_12VDC_PWR,Power,
CAB_4V_12V_BATTERY,2MM_2X13_RIGHT_ANGLE_SOCKET,BATTERY_DISCONNECT_BOARD,4,12VDC_RTN,n,,BATTERY_DISCONNECT_BOARD_12VDC_RTN,Power,
CAB_4V_12V_BATTERY,2MM_2X13_RIGHT_ANGLE_SOCKET,BATTERY_DISCONNECT_BOARD,5,12VDC_PWR,n,,BATTERY_DISCONNECT_BOARD_12VDC_PWR,Power,
CAB_4V_12V_BATTERY,2MM_2X13_RIGHT_ANGLE_SOCKET,BATTERY_DISCONNECT_BOARD,6,12VDC_RTN,n,,BATTERY_DISCONNECT_BOARD_12VDC_RTN,Power,
CAB_4V_12V_BATTERY,2MM_2X13_RIGHT_ANGLE_SOCKET,BATTERY_DISCONNECT_BOARD,7,12VDC_PWR,n,,BATTERY_DISCONNECT_BOARD_12VDC_PWR,Power,
CAB_4V_12V_BATTERY,2MM_2X13_RIGHT_ANGLE_SOCKET,BATTERY_DISCONNECT_BOARD,8,12VDC_RTN,n,,BATTERY_DISCONNECT_BOARD_12VDC_RTN,Power,
CAB_4V_12V_BATTERY,2MM_2X13_RIGHT_ANGLE_SOCKET,BATTERY_DISCONNECT_BOARD,9,12VDC_PWR,n,,BATTERY_DISCONNECT_BOARD_12VDC_PWR,Power,
CAB_4V_12V_BATTERY,2MM_2X13_RIGHT_ANGLE_SOCKET,BATTERY_DISCONNECT_BOARD,10,12VDC_RTN,n,,BATTERY_DISCONNECT_BOARD_12VDC_RTN,Power,
CAB_4V_12V_BATTERY,2MM_2X13_RIGHT_ANGLE_SOCKET,BATTERY_DISCONNECT_BOARD,11,12VDC_PWR,n,,BATTERY_DISCONNECT_BOARD_12VDC_PWR,Power,
CAB_4V_12V_BATTERY,2MM_2X13_RIGHT_ANGLE_SOCKET,BATTERY_DISCONNECT_BOARD,12,12VDC_RTN,n,,BATTERY_DISCONNECT_BOARD_12VDC_RTN,Power,
CAB_4V_12V_BATTERY,2MM_2X13_RIGHT_ANGLE_SOCKET,BATTERY_DISCONNECT_BOARD,13,4VDC_PWR,n,,BATTERY_DISCONNECT_BOARD_4VDC_PWR,Power,
CAB_4V_12V_BATTERY,2MM_2X13_RIGHT_ANGLE_SOCKET,BATTERY_DISCONNECT_BOARD,14,4VDC_RTN,n,,BATTERY_DISCONNECT_BOARD_4VDC_RTN,Power,
CAB_4V_12V_BATTERY,2MM_2X13_RIGHT_ANGLE_SOCKET,BATTERY_DISCONNECT_BOARD,15,4VDC_PWR,n,,BATTERY_DISCONNECT_BOARD_4VDC_PWR,Power,
CAB_4V_12V_BATTERY,2MM_2X13_RIGHT_ANGLE_SOCKET,BATTERY_DISCONNECT_BOARD,16,4VDC_RTN,n,,BATTERY_DISCONNECT_BOARD_4VDC_RTN,Power,
CAB_4V_12V_BATTERY,2MM_2X13_RIGHT_ANGLE_SOCKET,BATTERY_DISCONNECT_BOARD,17,BATT_BAL_12V,n,,BATTERY_DISCONNECT_BOARD_BATT_BAL_12V,Power,
CAB_4V_12V_BATTERY,2MM_2X13_RIGHT_ANGLE_SOCKET,BATTERY_DISCONNECT_BOARD,18,TEMP_12VDC_B,n,,BATTERY_DISCONNECT_BOARD_TEMP_12VDC_B,Power,
CAB_4V_12V_BATTERY,2MM_2X13_RIGHT_ANGLE_SOCKET,BATTERY_DISCONNECT_BOARD,19,HTR_1-,n,,BATTERY_DISCONNECT_BOARD_HTR_1-,Power,
CAB_4V_12V_BATTERY,2MM_2X13_RIGHT_ANGLE_SOCKET,BATTERY_DISCONNECT_BOARD,20,TEMP_12VDC_A,n,,BATTERY_DISCONNECT_BOARD_TEMP_12VDC_A,Power,
CAB_4V_12V_BATTERY,2MM_2X13_RIGHT_ANGLE_SOCKET,BATTERY_DISCONNECT_BOARD,21,TEMP_ADC_3,n,,BATTERY_DISCONNECT_BOARD_TEMP_ADC_3,Power,
CAB_4V_12V_BATTERY,2MM_2X13_RIGHT_ANGLE_SOCKET,BATTERY_DISCONNECT_BOARD,22,TEMP_ADC_4,n,,BATTERY_DISCONNECT_BOARD_TEMP_ADC_4,Power,
CAB_4V_12V_BATTERY,2MM_2X13_RIGHT_ANGLE_SOCKET,BATTERY_DISCONNECT_BOARD,23,AGND,n,,BATTERY_DISCONNECT_BOARD_AGND,Power,
CAB_4V_12V_BATTERY,2MM_2X13_RIGHT_ANGLE_SOCKET,BATTERY_DISCONNECT_BOARD,24,CURR4V+,n,,BATTERY_DISCONNECT_BOARD_CURR4V+,Power,
CAB_4V_12V_BATTERY,2MM_2X13_RIGHT_ANGLE_SOCKET,BATTERY_DISCONNECT_BOARD,25,CURR12V+,n,,BATTERY_DISCONNECT_BOARD_CURR12V+,Power,
CAB_4V_12V_BATTERY,2MM_2X13_RIGHT_ANGLE_SOCKET,BATTERY_DISCONNECT_BOARD,26,CAB_12VDC_PWR,n,,BATTERY_DISCONNECT_BOARD_CAB_12VDC_PWR,Power,
CAB_8V_BATTERY,2MM_2X12_RIGHT_ANGLE_SOCKET,PYRO_DISCONNECT_BOARD,1,PYRO1DC_PWR,n,,PYRO_DISCONNECT_BOARD_PYRO1DC_PWR,Power,
CAB_8V_BATTERY,2MM_2X12_RIGHT_ANGLE_SOCKET,PYRO_DISCONNECT_BOARD,2,PYRO1DC_RTN,n,,PYRO_DISCONNECT_BOARD_PYRO1DC_RTN,Power,
CAB_8V_BATTERY,2MM_2X12_RIGHT_ANGLE_SOCKET,PYRO_DISCONNECT_BOARD,3,PYRO1DC_PWR,n,,PYRO_DISCONNECT_BOARD_PYRO1DC_PWR,Power,
CAB_8V_BATTERY,2MM_2X12_RIGHT_ANGLE_SOCKET,PYRO_DISCONNECT_BOARD,4,PYRO1DC_RTN,n,,PYRO_DISCONNECT_BOARD_PYRO1DC_RTN,Power,
CAB_8V_BATTERY,2MM_2X12_RIGHT_ANGLE_SOCKET,PYRO_DISCONNECT_BOARD,5,PYRO2DC_PWR,n,,PYRO_DISCONNECT_BOARD_PYRO2DC_PWR,Power,
CAB_8V_BATTERY,2MM_2X12_RIGHT_ANGLE_SOCKET,PYRO_DISCONNECT_BOARD,6,PYRO2DC_RTN,n,,PYRO_DISCONNECT_BOARD_PYRO2DC_RTN,Power,
CAB_8V_BATTERY,2MM_2X12_RIGHT_ANGLE_SOCKET,PYRO_DISCONNECT_BOARD,7,PYRO2DC_PWR,n,,PYRO_DISCONNECT_BOARD_PYRO2DC_PWR,Power,
CAB_8V_BATTERY,2MM_2X12_RIGHT_ANGLE_SOCKET,PYRO_DISCONNECT_BOARD,8,PYRO2DC_RTN,n,,PYRO_DISCONNECT_BOARD_PYRO2DC_RTN,Power,
CAB_8V_BATTERY,2MM_2X12_RIGHT_ANGLE_SOCKET,PYRO_DISCONNECT_BOARD,9,PYRO3DC_PWR,n,,PYRO_DISCONNECT_BOARD_PYRO3DC_PWR,Power,
CAB_8V_BATTERY,2MM_2X12_RIGHT_ANGLE_SOCKET,PYRO_DISCONNECT_BOARD,10,PYRO3DC_RTN,n,,PYRO_DISCONNECT_BOARD_PYRO3DC_RTN,Power,
CAB_8V_BATTERY,2MM_2X12_RIGHT_ANGLE_SOCKET,PYRO_DISCONNECT_BOARD,11,PYRO3DC_PWR,n,,PYRO_DISCONNECT_BOARD_PYRO3DC_PWR,Power,
CAB_8V_BATTERY,2MM_2X12_RIGHT_ANGLE_SOCKET,PYRO_DISCONNECT_BOARD,12,PYRO3DC_RTN,n,,PYRO_DISCONNECT_BOARD_PYRO3DC_RTN,Power,
CAB_8V_BATTERY,2MM_2X12_RIGHT_ANGLE_SOCKET,PYRO_DISCONNECT_BOARD,13,PYRO4DC_PWR,n,,PYRO_DISCONNECT_BOARD_PYRO4DC_PWR,Power,
CAB_8V_BATTERY,2MM_2X12_RIGHT_ANGLE_SOCKET,PYRO_DISCONNECT_BOARD,14,PYRO4DC_RTN,n,,PYRO_DISCONNECT_BOARD_PYRO4DC_RTN,Power,
CAB_8V_BATTERY,2MM_2X12_RIGHT_ANGLE_SOCKET,PYRO_DISCONNECT_BOARD,15,PYRO4DC_PWR,n,,PYRO_DISCONNECT_BOARD_PYRO4DC_PWR,Power,
CAB_8V_BATTERY,2MM_2X12_RIGHT_ANGLE_SOCKET,PYRO_DISCONNECT_BOARD,16,PYRO4DC_RTN,n,,PYRO_DISCONNECT_BOARD_PYRO4DC_RTN,Power,
CAB_8V_BATTERY,2MM_2X12_RIGHT_ANGLE_SOCKET,PYRO_DISCONNECT_BOARD,17,PYRO5DC_PWR,n,,PYRO_DISCONNECT_BOARD_PYRO5DC_PWR,Power,
CAB_8V_BATTERY,2MM_2X12_RIGHT_ANGLE_SOCKET,PYRO_DISCONNECT_BOARD,18,PYRO5DC_RTN,n,,PYRO_DISCONNECT_BOARD_PYRO5DC_RTN,Power,
CAB_8V_BATTERY,2MM_2X12_RIGHT_ANGLE_SOCKET,PYRO_DISCONNECT_BOARD,19,PYRO5DC_PWR,n,,PYRO_DISCONNECT_BOARD_PYRO5DC_PWR,Power,
CAB_8V_BATTERY,2MM_2X12_RIGHT_ANGLE_SOCKET,PYRO_DISCONNECT_BOARD,20,PYRO5DC_RTN,n,,PYRO_DISCONNECT_BOARD_PYRO5DC_RTN,Power,
CAB_8V_BATTERY,2MM_2X12_RIGHT_ANGLE_SOCKET,PYRO_DISCONNECT_BOARD,21,PYRO6DC_PWR,n,,PYRO_DISCONNECT_BOARD_PYRO6DC_PWR,Power,
CAB_8V_BATTERY,2MM_2X12_RIGHT_ANGLE_SOCKET,PYRO_DISCONNECT_BOARD,22,PYRO6DC_RTN,n,,PYRO_DISCONNECT_BOARD_PYRO6DC_RTN,Power,
CAB_8V_BATTERY,2MM_2X12_RIGHT_ANGLE_SOCKET,PYRO_DISCONNECT_BOARD,23,PYRO6DC_PWR,n,,PYRO_DISCONNECT_BOARD_PYRO6DC_PWR,Power,
CAB_8V_BATTERY,2MM_2X12_RIGHT_ANGLE_SOCKET,PYRO_DISCONNECT_BOARD,24,PYRO6DC_RTN,n,,PYRO_DISCONNECT_BOARD_PYRO6DC_RTN,Power,
CAB_28V_BATTERY,2MM_2X15_RIGHT_ANGLE_SOCKET,BATTERY_DISCONNECT_BOARD,1,28VDC_PWR,n,,BATTERY_DISCONNECT_BOARD_28VDC_PWR,Power,
CAB_28V_BATTERY,2MM_2X15_RIGHT_ANGLE_SOCKET,BATTERY_DISCONNECT_BOARD,2,28VDC_RTN,n,,BATTERY_DISCONNECT_BOARD_28VDC_RTN,Power,
CAB_28V_BATTERY,2MM_2X15_RIGHT_ANGLE_SOCKET,BATTERY_DISCONNECT_BOARD,3,28VDC_PWR,n,,BATTERY_DISCONNECT_BOARD_28VDC_PWR,Power,
CAB_28V_BATTERY,2MM_2X15_RIGHT_ANGLE_SOCKET,BATTERY_DISCONNECT_BOARD,4,28VDC_RTN,n,,BATTERY_DISCONNECT_BOARD_28VDC_RTN,Power,
CAB_28V_BATTERY,2MM_2X15_RIGHT_ANGLE_SOCKET,BATTERY_DISCONNECT_BOARD,5,28VDC_PWR,n,,BATTERY_DISCONNECT_BOARD_28VDC_PWR,Power,
CAB_28V_BATTERY,2MM_2X15_RIGHT_ANGLE_SOCKET,BATTERY_DISCONNECT_BOARD,6,28VDC_RTN,n,,BATTERY_DISCONNECT_BOARD_28VDC_RTN,Power,
CAB_28V_BATTERY,2MM_2X15_RIGHT_ANGLE_SOCKET,BATTERY_DISCONNECT_BOARD,7,28VDC_PWR,n,,BATTERY_DISCONNECT_BOARD_28VDC_PWR,Power,
CAB_28V_BATTERY,2MM_2X15_RIGHT_ANGLE_SOCKET,BATTERY_DISCONNECT_BOARD,8,28VDC_RTN,n,,BATTERY_DISCONNECT_BOARD_28VDC_RTN,Power,
CAB_28V_BATTERY,2MM_2X15_RIGHT_ANGLE_SOCKET,BATTERY_DISCONNECT_BOARD,9,28VDC_PWR,n,,BATTERY_DISCONNECT_BOARD_28VDC_PWR,Power,
CAB_28V_BATTERY,2MM_2X15_RIGHT_ANGLE_SOCKET,BATTERY_DISCONNECT_BOARD,10,28VDC_RTN,n,,BATTERY_DISCONNECT_BOARD_28VDC_RTN,Power,
CAB_28V_BATTERY,2MM_2X15_RIGHT_ANGLE_SOCKET,BATTERY_DISCONNECT_BOARD,11,28VDC_PWR,n,,BATTERY_DISCONNECT_BOARD_28VDC_PWR,Power,
CAB_28V_BATTERY,2MM_2X15_RIGHT_ANGLE_SOCKET,BATTERY_DISCONNECT_BOARD,12,28VDC_RTN,n,,BATTERY_DISCONNECT_BOARD_28VDC_RTN,Power,
CAB_28V_BATTERY,2MM_2X15_RIGHT_ANGLE_SOCKET,BATTERY_DISCONNECT_BOARD,13,28VDC_PWR,n,,BATTERY_DISCONNECT_BOARD_28VDC_PWR,Power,
CAB_28V_BATTERY,2MM_2X15_RIGHT_ANGLE_SOCKET,BATTERY_DISCONNECT_BOARD,14,28VDC_RTN,n,,BATTERY_DISCONNECT_BOARD_28VDC_RTN,Power,
CAB_28V_BATTERY,2MM_2X15_RIGHT_ANGLE_SOCKET,BATTERY_DISCONNECT_BOARD,15,28VDC_PWR,n,,BATTERY_DISCONNECT_BOARD_28VDC_PWR,Power,
CAB_28V_BATTERY,2MM_2X15_RIGHT_ANGLE_SOCKET,BATTERY_DISCONNECT_BOARD,16,28VDC_RTN,n,,BATTERY_DISCONNECT_BOARD_28VDC_RTN,Power,
CAB_28V_BATTERY,2MM_2X15_RIGHT_ANGLE_SOCKET,BATTERY_DISCONNECT_BOARD,17,28VDC_PWR,n,,BATTERY_DISCONNECT_BOARD_28VDC_PWR,Power,
CAB_28V_BATTERY,2MM_2X15_RIGHT_ANGLE_SOCKET,BATTERY_DISCONNECT_BOARD,18,28VDC_RTN,n,,BATTERY_DISCONNECT_BOARD_28VDC_RTN,Power,
CAB_28V_BATTERY,2MM_2X15_RIGHT_ANGLE_SOCKET,BATTERY_DISCONNECT_BOARD,19,28VDC_PWR,n,,BATTERY_DISCONNECT_BOARD_28VDC_PWR,Power,
CAB_28V_BATTERY,2MM_2X15_RIGHT_ANGLE_SOCKET,BATTERY_DISCONNECT_BOARD,20,28VDC_RTN,n,,BATTERY_DISCONNECT_BOARD_28VDC_RTN,Power,
CAB_28V_BATTERY,2MM_2X15_RIGHT_ANGLE_SOCKET,BATTERY_DISCONNECT_BOARD,21,HTR1-,n,,BATTERY_DISCONNECT_BOARD_HTR1-,Power,
CAB_28V_BATTERY,2MM_2X15_RIGHT_ANGLE_SOCKET,BATTERY_DISCONNECT_BOARD,22,CURR28V+,n,,BATTERY_DISCONNECT_BOARD_CURR28V+,Power,
CAB_28V_BATTERY,2MM_2X15_RIGHT_ANGLE_SOCKET,BATTERY_DISCONNECT_BOARD,23,TEMP_12VDC_G,n,,BATTERY_DISCONNECT_BOARD_TEMP_12VDC_G,Power,
CAB_28V_BATTERY,2MM_2X15_RIGHT_ANGLE_SOCKET,BATTERY_DISCONNECT_BOARD,24,AGND,n,,BATTERY_DISCONNECT_BOARD_AGND,Power,
CAB_28V_BATTERY,2MM_2X15_RIGHT_ANGLE_SOCKET,BATTERY_DISCONNECT_BOARD,25,TEMP_12VDC_H,n,,BATTERY_DISCONNECT_BOARD_TEMP_12VDC_H,Power,
CAB_28V_BATTERY,2MM_2X15_RIGHT_ANGLE_SOCKET,BATTERY_DISCONNECT_BOARD,26,12VDC_RTN,n,,BATTERY_DISCONNECT_BOARD_12VDC_RTN,Power,
CAB_28V_BATTERY,2MM_2X15_RIGHT_ANGLE_SOCKET,BATTERY_DISCONNECT_BOARD,27,TEMP_ADC_7,n,,BATTERY_DISCONNECT_BOARD_TEMP_ADC_7,Power,
CAB_28V_BATTERY,2MM_2X15_RIGHT_ANGLE_SOCKET,BATTERY_DISCONNECT_BOARD,28,12VDC_PWR,n,,BATTERY_DISCONNECT_BOARD_12VDC_PWR,Power,
CAB_28V_BATTERY,2MM_2X15_RIGHT_ANGLE_SOCKET,BATTERY_DISCONNECT_BOARD,29,BATT_BAL,n,,BATTERY_DISCONNECT_BOARD_BATT_BAL,Power,
CAB_28V_BATTERY,2MM_2X15_RIGHT_ANGLE_SOCKET,BATTERY_DISCONNECT_BOARD,30,TEMP_ADC_8,n,,BATTERY_DISCONNECT_BOARD_TEMP_ADC_8,Power,
CAB_PYRO,15_PIN_MICRO-D_RIGHT_ANGLE_MWDM-CBR,PYRO,1,TBD_PYRO_1+,n,,PYRO_TBD_PYRO_1+,Pyro,
CAB_PYRO,15_PIN_MICRO-D_RIGHT_ANGLE_MWDM-CBR,PYRO,2,GHE_PRESSURANT_PYRO_VALVE_1+,n,,PYRO_GHE_PRESSURANT_PYRO_VALVE_1+,Pyro,
CAB_PYRO,15_PIN_MICRO-D_RIGHT_ANGLE_MWDM-CBR,PYRO,3,PAN_TILT_MAST_PIN_PYRO_1+,n,,PYRO_PAN_TILT_MAST_PIN_PYRO_1+,Pyro,
CAB_PYRO,15_PIN_MICRO-D_RIGHT_ANGLE_MWDM-CBR,PYRO,4,NC,n,,NC,Pyro,
CAB_PYRO,15_PIN_MICRO-D_RIGHT_ANGLE_MWDM-CBR,PYRO,5,NC,n,,NC,Pyro,
CAB_PYRO,15_PIN_MICRO-D_RIGHT_ANGLE_MWDM-CBR,PYRO,6,TBD_PYRO_2+,n,,PYRO_TBD_PYRO_2+,Pyro,
CAB_PYRO,15_PIN_MICRO-D_RIGHT_ANGLE_MWDM-CBR,PYRO,7,GHE_PRESSURANT_PYRO_VALVE_2+,n,,PYRO_GHE_PRESSURANT_PYRO_VALVE_2+,Pyro,
CAB_PYRO,15_PIN_MICRO-D_RIGHT_ANGLE_MWDM-CBR,PYRO,8,PAN_TILT_MAST_PIN_PYRO_2+,n,,PYRO_PAN_TILT_MAST_PIN_PYRO_2+,Pyro,
CAB_PYRO,15_PIN_MICRO-D_RIGHT_ANGLE_MWDM-CBR,PYRO,9,TBD_PYRO_1-,n,,PYRO_TBD_PYRO_1-,Pyro,
CAB_PYRO,15_PIN_MICRO-D_RIGHT_ANGLE_MWDM-CBR,PYRO,10,GHE_PRESSURANT_PYRO_VALVE_1-,n,,PYRO_GHE_PRESSURANT_PYRO_VALVE_1-,Pyro,
CAB_PYRO,15_PIN_MICRO-D_RIGHT_ANGLE_MWDM-CBR,PYRO,11,PAN_TILT_MAST_PIN_PYRO_1-,n,,PYRO_PAN_TILT_MAST_PIN_PYRO_1-,Pyro,
CAB_PYRO,15_PIN_MICRO-D_RIGHT_ANGLE_MWDM-CBR,PYRO,12,NC,n,,NC,Pyro,
CAB_PYRO,15_PIN_MICRO-D_RIGHT_ANGLE_MWDM-CBR,PYRO,13,TBD_PYRO_2-,n,,PYRO_TBD_PYRO_2-,Pyro,
CAB_PYRO,15_PIN_MICRO-D_RIGHT_ANGLE_MWDM-CBR,PYRO,14,GHE_PRESSURANT_PYRO_VALVE_2-,n,,PYRO_GHE_PRESSURANT_PYRO_VALVE_2-,Pyro,
CAB_PYRO,15_PIN_MICRO-D_RIGHT_ANGLE_MWDM-CBR,PYRO,15,PAN_TILT_MAST_PIN_PYRO_2-,n,,PYRO_PAN_TILT_MAST_PIN_PYRO_2-,Pyro,
CAB_PAYLOAD1,2MM_2X8_PIN_HEADER,PAYLOAD1,1,4VDC_PWR,n,,PAYLOAD1_4VDC_PWR,Payload,ILOX and TBD Payload 1
CAB_PAYLOAD1,2MM_2X8_PIN_HEADER,PAYLOAD1,2,4VDC_RTN,n,,PAYLOAD1_4VDC_RTN,Payload,ILOX and TBD Payload 1
CAB_PAYLOAD1,2MM_2X8_PIN_HEADER,PAYLOAD1,3,422_CLK+,n,,PAYLOAD1_422_CLK+,Payload,ILOX and TBD Payload 1
CAB_PAYLOAD1,2MM_2X8_PIN_HEADER,PAYLOAD1,4,422_CLK-,n,,PAYLOAD1_422_CLK-,Payload,ILOX and TBD Payload 1
CAB_PAYLOAD1,2MM_2X8_PIN_HEADER,PAYLOAD1,5,422_D+,n,,PAYLOAD1_422_D+,Payload,ILOX and TBD Payload 1
CAB_PAYLOAD1,2MM_2X8_PIN_HEADER,PAYLOAD1,6,422_D-,n,,PAYLOAD1_422_D-,Payload,ILOX and TBD Payload 1
CAB_PAYLOAD1,2MM_2X8_PIN_HEADER,PAYLOAD1,7,12VDC_PWR,n,,PAYLOAD1_12VDC_PWR,Payload,ILOX and TBD Payload 1
CAB_PAYLOAD1,2MM_2X8_PIN_HEADER,PAYLOAD1,8,12VDC_RTN,n,,PAYLOAD1_12VDC_RTN,Payload,ILOX and TBD Payload 1
CAB_PAYLOAD1,2MM_2X8_PIN_HEADER,PAYLOAD1,9,ILOX_HTR_1-,n,,PAYLOAD1_ILOX_HTR_1-,Payload,ILOX and TBD Payload 1
CAB_PAYLOAD1,2MM_2X8_PIN_HEADER,PAYLOAD1,10,ILOX_HTR_2-,n,,PAYLOAD1_ILOX_HTR_2-,Payload,ILOX and TBD Payload 1
CAB_PAYLOAD1,2MM_2X8_PIN_HEADER,PAYLOAD1,11,ILOX_HTR_3-,n,,PAYLOAD1_ILOX_HTR_3-,Payload,ILOX and TBD Payload 1
CAB_PAYLOAD1,2MM_2X8_PIN_HEADER,PAYLOAD1,12,SPARE_PAYLOAD1_HTR-,n,,PAYLOAD1_SPARE_PAYLOAD1_HTR-,Payload,ILOX and TBD Payload 1
CAB_PAYLOAD1,2MM_2X8_PIN_HEADER,PAYLOAD1,13,TEMP_V_C,n,,PAYLOAD1_TEMP_V_C,Payload,ILOX and TBD Payload 1
CAB_PAYLOAD1,2MM_2X8_PIN_HEADER,PAYLOAD1,14,TEMP_V_D,n,,PAYLOAD1_TEMP_V_D,Payload,ILOX and TBD Payload 1
CAB_PAYLOAD1,2MM_2X8_PIN_HEADER,PAYLOAD1,15,TEMP_A_4,n,,PAYLOAD1_TEMP_A_4,Payload,ILOX and TBD Payload 1
CAB_PAYLOAD1,2MM_2X8_PIN_HEADER,PAYLOAD1,16,TEMP_A_5,n,,PAYLOAD1_TEMP_A_5,Payload,ILOX and TBD Payload 1
CAB_PAYLOAD2,2MM_2X8_PIN_HEADER,PAYLOAD2,1,4VDC_PWR,n,,PAYLOAD2_4VDC_PWR,Payload,TBD Payloads 2 & 3
CAB_PAYLOAD2,2MM_2X8_PIN_HEADER,PAYLOAD2,2,4VDC_RTN,n,,PAYLOAD2_4VDC_RTN,Payload,TBD Payloads 2 & 3
CAB_PAYLOAD2,2MM_2X8_PIN_HEADER,PAYLOAD2,3,422_CLK+,n,,PAYLOAD2_422_CLK+,Payload,TBD Payloads 2 & 3
CAB_PAYLOAD2,2MM_2X8_PIN_HEADER,PAYLOAD2,4,422_CLK-,n,,PAYLOAD2_422_CLK-,Payload,TBD Payloads 2 & 3
CAB_PAYLOAD2,2MM_2X8_PIN_HEADER,PAYLOAD2,5,422_D+,n,,PAYLOAD2_422_D+,Payload,TBD Payloads 2 & 3
CAB_PAYLOAD2,2MM_2X8_PIN_HEADER,PAYLOAD2,6,422_D-,n,,PAYLOAD2_422_D-,Payload,TBD Payloads 2 & 3
CAB_PAYLOAD2,2MM_2X8_PIN_HEADER,PAYLOAD2,7,12VDC_PWR,n,,PAYLOAD2_12VDC_PWR,Payload,TBD Payloads 2 & 3
CAB_PAYLOAD2,2MM_2X8_PIN_HEADER,PAYLOAD2,8,12VDC_RTN,n,,PAYLOAD2_12VDC_RTN,Payload,TBD Payloads 2 & 3
CAB_PAYLOAD2,2MM_2X8_PIN_HEADER,PAYLOAD2,9,SPARE_PAYLOAD2_HTR_1-,n,,PAYLOAD2_SPARE_PAYLOAD2_HTR_1-,Payload,TBD Payloads 2 & 3
CAB_PAYLOAD2,2MM_2X8_PIN_HEADER,PAYLOAD2,10,SPARE_PAYLOAD2_HTR_2-,n,,PAYLOAD2_SPARE_PAYLOAD2_HTR_2-,Payload,TBD Payloads 2 & 3
CAB_PAYLOAD2,2MM_2X8_PIN_HEADER,PAYLOAD2,11,SPARE_PAYLOAD3_HTR_1-,n,,PAYLOAD2_SPARE_PAYLOAD3_HTR_1-,Payload,TBD Payloads 2 & 3
CAB_PAYLOAD2,2MM_2X8_PIN_HEADER,PAYLOAD2,12,SPARE_PAYLOAD3_HTR_2-,n,,PAYLOAD2_SPARE_PAYLOAD3_HTR_2-,Payload,TBD Payloads 2 & 3
CAB_PAYLOAD2,2MM_2X8_PIN_HEADER,PAYLOAD2,13,TEMP_V_A,n,,PAYLOAD2_TEMP_V_A,Payload,TBD Payloads 2 & 3
CAB_PAYLOAD2,2MM_2X8_PIN_HEADER,PAYLOAD2,14,TEMP_V_B,n,,PAYLOAD2_TEMP_V_B,Payload,TBD Payloads 2 & 3
CAB_PAYLOAD2,2MM_2X8_PIN_HEADER,PAYLOAD2,15,TEMP_A_1,n,,PAYLOAD2_TEMP_A_1,Payload,
CAB_PAYLOAD2,2MM_2X8_PIN_HEADER,PAYLOAD2,16,TEMP_A_2,n,,PAYLOAD2_TEMP_A_2,Payload,
CAB_MAST,2MM_2X12_PIN_HEADER,MAST,1,SIDE_A_4VDC_PWR,n,,MAST_SIDE_A_4VDC_PWR,Payload,"Pan Tilt, WFOV, NFOV on same busses"
CAB_MAST,2MM_2X12_PIN_HEADER,MAST,2,SIDE_A_4VDC_RTN,n,,MAST_SIDE_A_4VDC_RTN,Payload,"Pan Tilt, WFOV, NFOV on same busses"
CAB_MAST,2MM_2X12_PIN_HEADER,MAST,3,SIDE_B_4VDC_PWR,n,,MAST_SIDE_B_4VDC_PWR,Payload,"Pan Tilt, WFOV, NFOV on same busses"
CAB_MAST,2MM_2X12_PIN_HEADER,MAST,4,SIDE_B_4VDC_RTN,n,,MAST_SIDE_B_4VDC_RTN,Payload,"Pan Tilt, WFOV, NFOV on same busses"
CAB_MAST,2MM_2X12_PIN_HEADER,MAST,5,SIDE_A_422_CLK+,n,,MAST_SIDE_A_422_CLK+,Payload,"Pan Tilt, WFOV, NFOV on same busses"
CAB_MAST,2MM_2X12_PIN_HEADER,MAST,6,SIDE_A_422_CLK-,n,,MAST_SIDE_A_422_CLK-,Payload,"Pan Tilt, WFOV, NFOV on same busses"
CAB_MAST,2MM_2X12_PIN_HEADER,MAST,7,SIDE_A_422_D+,n,,MAST_SIDE_A_422_D+,Payload,"Pan Tilt, WFOV, NFOV on same busses"
CAB_MAST,2MM_2X12_PIN_HEADER,MAST,8,SIDE_A_422_D-,n,,MAST_SIDE_A_422_D-,Payload,"Pan Tilt, WFOV, NFOV on same busses"
CAB_MAST,2MM_2X12_PIN_HEADER,MAST,9,SIDE_B_422_CLK+,n,,MAST_SIDE_B_422_CLK+,Payload,"Pan Tilt, WFOV, NFOV on same busses"
CAB_MAST,2MM_2X12_PIN_HEADER,MAST,10,SIDE_B_422_CLK-,n,,MAST_SIDE_B_422_CLK-,Payload,"Pan Tilt, WFOV, NFOV on same busses"
CAB_MAST,2MM_2X12_PIN_HEADER,MAST,11,SIDE_B_422_D+,n,,MAST_SIDE_B_422_D+,Payload,"Pan Tilt, WFOV, NFOV on same busses"
CAB_MAST,2MM_2X12_PIN_HEADER,MAST,12,SIDE_B_422_D-,n,,MAST_SIDE_B_422_D-,Payload,"Pan Tilt, WFOV, NFOV on same busses"
CAB_MAST,2MM_2X12_PIN_HEADER,MAST,13,SIDE_A_12VDC_PWR,n,,MAST_SIDE_A_12VDC_PWR,Payload,"Pan Tilt, WFOV, NFOV on same busses"
CAB_MAST,2MM_2X12_PIN_HEADER,MAST,14,SIDE_A_12VDC_RTN,n,,MAST_SIDE_A_12VDC_RTN,Payload,"Pan Tilt, WFOV, NFOV on same busses"
CAB_MAST,2MM_2X12_PIN_HEADER,MAST,15,SIDE_B_12VDC_PWR,n,,MAST_SIDE_B_12VDC_PWR,Payload,"Pan Tilt, WFOV, NFOV on same busses"
CAB_MAST,2MM_2X12_PIN_HEADER,MAST,16,SIDE_B_12VDC_RTN,n,,MAST_SIDE_B_12VDC_RTN,Payload,"Pan Tilt, WFOV, NFOV on same busses"
CAB_MAST,2MM_2X12_PIN_HEADER,MAST,17,SIDE_A_CAMS_HTR-,n,,MAST_SIDE_A_CAMS_HTR-,Payload,"Pan Tilt, WFOV, NFOV on same busses"
CAB_MAST,2MM_2X12_PIN_HEADER,MAST,18,SIDE_B_CAMS_HTR-,n,,MAST_SIDE_B_CAMS_HTR-,Payload,"Pan Tilt, WFOV, NFOV on same busses"
CAB_MAST,2MM_2X12_PIN_HEADER,MAST,19,PAN_TILT_MOTORS_HTR_1-,n,,MAST_PAN_TILT_MOTORS_HTR_1-,Payload,"Pan Tilt, WFOV, NFOV on same busses"
CAB_MAST,2MM_2X12_PIN_HEADER,MAST,20,PAN_TILT_MOTORS_HTR_2-,n,,MAST_PAN_TILT_MOTORS_HTR_2-,Payload,"Pan Tilt, WFOV, NFOV on same busses"
CAB_MAST,2MM_2X12_PIN_HEADER,MAST,21,TEMP_V_E,n,,MAST_TEMP_V_E,Payload,"Pan Tilt, WFOV, NFOV on same busses"
CAB_MAST,2MM_2X12_PIN_HEADER,MAST,22,TEMP_V_F,n,,MAST_TEMP_V_F,Payload,"Pan Tilt, WFOV, NFOV on same busses"
CAB_MAST,2MM_2X12_PIN_HEADER,MAST,23,TEMP_A_3,n,,MAST_TEMP_A_3,Payload,"Pan Tilt, WFOV, NFOV on same busses"
CAB_MAST,2MM_2X12_PIN_HEADER,MAST,24,TEMP_A_4,n,,MAST_TEMP_A_4,Payload,"Pan Tilt, WFOV, NFOV on same busses"
CAB_NADIR_CAMS,2MM_2X5_PIN_HEADER,NADIR_CAMS,1,4VDC_PWR,n,,NADIR_CAMS_4VDC_PWR,Payload,
CAB_NADIR_CAMS,2MM_2X5_PIN_HEADER,NADIR_CAMS,2,4VDC_RTN,n,,NADIR_CAMS_4VDC_RTN,Payload,
CAB_NADIR_CAMS,2MM_2X5_PIN_HEADER,NADIR_CAMS,3,422_CLK+,n,,NADIR_CAMS_422_CLK+,Payload,
CAB_NADIR_CAMS,2MM_2X5_PIN_HEADER,NADIR_CAMS,4,422_CLK-,n,,NADIR_CAMS_422_CLK-,Payload,
CAB_NADIR_CAMS,2MM_2X5_PIN_HEADER,NADIR_CAMS,5,422_D+,n,,NADIR_CAMS_422_D+,Payload,
CAB_NADIR_CAMS,2MM_2X5_PIN_HEADER,NADIR_CAMS,6,422_D-,n,,NADIR_CAMS_422_D-,Payload,
CAB_NADIR_CAMS,2MM_2X5_PIN_HEADER,NADIR_CAMS,7,12VDC_PWR,n,,NADIR_CAMS_12VDC_PWR,Payload,
CAB_NADIR_CAMS,2MM_2X5_PIN_HEADER,NADIR_CAMS,8,NADIR_CAM_HTR1-,n,,NADIR_CAMS_NADIR_CAM_HTR1-,Payload,
CAB_NADIR_CAMS,2MM_2X5_PIN_HEADER,NADIR_CAMS,9,TEMP_V_B,n,,NADIR_CAMS_TEMP_V_B,Payload,
CAB_NADIR_CAMS,2MM_2X5_PIN_HEADER,NADIR_CAMS,10,TEMP_A_8,n,,NADIR_CAMS_TEMP_A_8,Payload,
CAB_NADIR_SENSORS_1,2MM_2X8_PIN_HEADER,NADIR_SENSORS_1,1,12VDC_PWR,n,,NADIR_SENSORS_1_12VDC_PWR,Subsystem,
CAB_NADIR_SENSORS_1,2MM_2X8_PIN_HEADER,NADIR_SENSORS_1,2,12VDC_RTN,n,,NADIR_SENSORS_1_12VDC_RTN,Subsystem,
CAB_NADIR_SENSORS_1,2MM_2X8_PIN_HEADER,NADIR_SENSORS_1,3,LONG_LIDAR1_TX,n,,NADIR_SENSORS_1_LONG_LIDAR1_TX,Subsystem,
CAB_NADIR_SENSORS_1,2MM_2X8_PIN_HEADER,NADIR_SENSORS_1,4,LONG_LIDAR1_RX,n,,NADIR_SENSORS_1_LONG_LIDAR1_RX,Subsystem,
CAB_NADIR_SENSORS_1,2MM_2X8_PIN_HEADER,NADIR_SENSORS_1,5,SHORT_LIDAR1_TX,n,,NADIR_SENSORS_1_SHORT_LIDAR1_TX,Subsystem,
CAB_NADIR_SENSORS_1,2MM_2X8_PIN_HEADER,NADIR_SENSORS_1,6,SHORT_LIDAR1_RX,n,,NADIR_SENSORS_1_SHORT_LIDAR1_RX,Subsystem,
CAB_NADIR_SENSORS_1,2MM_2X8_PIN_HEADER,NADIR_SENSORS_1,7,NADIR_SENSORS_1_HTR1-,n,,NADIR_SENSORS_1_NADIR_SENSORS_1_HTR1-,Subsystem,
CAB_NADIR_SENSORS_1,2MM_2X8_PIN_HEADER,NADIR_SENSORS_1,8,NADIR_SENSORS_1_HTR2-,n,,NADIR_SENSORS_1_NADIR_SENSORS_1_HTR2-,Subsystem,
CAB_NADIR_SENSORS_1,2MM_2X8_PIN_HEADER,NADIR_SENSORS_1,9,12VDC_HTR,n,,NADIR_SENSORS_1_12VDC_HTR,Subsystem,
CAB_NADIR_SENSORS_1,2MM_2X8_PIN_HEADER,NADIR_SENSORS_1,10,HAZARD_ARM_SEPARATION_DISCRETE+,n,,NADIR_SENSORS_1_HAZARD_ARM_SEPARATION_DISCRETE+,Subsystem,
CAB_NADIR_SENSORS_1,2MM_2X8_PIN_HEADER,NADIR_SENSORS_1,11,HAZARD_ARM_SEPARATION_DISCRETE-,n,,NADIR_SENSORS_1_HAZARD_ARM_SEPARATION_DISCRETE-,Subsystem,
CAB_NADIR_SENSORS_1,2MM_2X8_PIN_HEADER,NADIR_SENSORS_1,12,SC_WAKEUP_SEPARATION_DISCRETE+,n,,NADIR_SENSORS_1_SC_WAKEUP_SEPARATION_DISCRETE+,Subsystem,
CAB_NADIR_SENSORS_1,2MM_2X8_PIN_HEADER,NADIR_SENSORS_1,13,SC_WAKEUP_SEPARATION_DISCRETE-,n,,NADIR_SENSORS_1_SC_WAKEUP_SEPARATION_DISCRETE-,Subsystem,
CAB_NADIR_SENSORS_1,2MM_2X8_PIN_HEADER,NADIR_SENSORS_1,14,TEMP_V_H,n,,NADIR_SENSORS_1_TEMP_V_H,Subsystem,
CAB_NADIR_SENSORS_1,2MM_2X8_PIN_HEADER,NADIR_SENSORS_1,15,TEMP_A_5,n,,NADIR_SENSORS_1_TEMP_A_5,Subsystem,
CAB_NADIR_SENSORS_1,2MM_2X8_PIN_HEADER,NADIR_SENSORS_1,16,TEMP_A_6,n,,NADIR_SENSORS_1_TEMP_A_6,Subsystem,
CAB_NADIR_SENSORS_2,2MM_2X8_PIN_HEADER,NADIR_SENSORS_2,1,12VDC_PWR,n,,NADIR_SENSORS_2_12VDC_PWR,Subsystem,
CAB_NADIR_SENSORS_2,2MM_2X8_PIN_HEADER,NADIR_SENSORS_2,2,12VDC_RTN,n,,NADIR_SENSORS_2_12VDC_RTN,Subsystem,
CAB_NADIR_SENSORS_2,2MM_2X8_PIN_HEADER,NADIR_SENSORS_2,3,LONG_LIDAR2_232_TX,n,,NADIR_SENSORS_2_LONG_LIDAR2_232_TX,Subsystem,
CAB_NADIR_SENSORS_2,2MM_2X8_PIN_HEADER,NADIR_SENSORS_2,4,LONG_LIDAR2_232_RX,n,,NADIR_SENSORS_2_LONG_LIDAR2_232_RX,Subsystem,
CAB_NADIR_SENSORS_2,2MM_2X8_PIN_HEADER,NADIR_SENSORS_2,5,SHORT_LIDAR2_232_TX,n,,NADIR_SENSORS_2_SHORT_LIDAR2_232_TX,Subsystem,
CAB_NADIR_SENSORS_2,2MM_2X8_PIN_HEADER,NADIR_SENSORS_2,6,SHORT_LIDAR2_232_RX,n,,NADIR_SENSORS_2_SHORT_LIDAR2_232_RX,Subsystem,
CAB_NADIR_SENSORS_2,2MM_2X8_PIN_HEADER,NADIR_SENSORS_2,7,NADIR_SENSORS_2_HTR1-,n,,NADIR_SENSORS_2_NADIR_SENSORS_2_HTR1-,Subsystem,
CAB_NADIR_SENSORS_2,2MM_2X8_PIN_HEADER,NADIR_SENSORS_2,8,NADIR_SENSORS_2_HTR2-,n,,NADIR_SENSORS_2_NADIR_SENSORS_2_HTR2-,Subsystem,
CAB_NADIR_SENSORS_2,2MM_2X8_PIN_HEADER,NADIR_SENSORS_2,9,12VDC_HTR,n,,NADIR_SENSORS_2_12VDC_HTR,Subsystem,
CAB_NADIR_SENSORS_2,2MM_2X8_PIN_HEADER,NADIR_SENSORS_2,10,HAZARD_ARM_SEPARATION_DISCRETE+,n,,NADIR_SENSORS_2_HAZARD_ARM_SEPARATION_DISCRETE+,Subsystem,
CAB_NADIR_SENSORS_2,2MM_2X8_PIN_HEADER,NADIR_SENSORS_2,11,HAZARD_ARM_SEPARATION_DISCRETE-,n,,NADIR_SENSORS_2_HAZARD_ARM_SEPARATION_DISCRETE-,Subsystem,
CAB_NADIR_SENSORS_2,2MM_2X8_PIN_HEADER,NADIR_SENSORS_2,12,SC_WAKEUP_SEPARATION_DISCRETE+,n,,NADIR_SENSORS_2_SC_WAKEUP_SEPARATION_DISCRETE+,Subsystem,
CAB_NADIR_SENSORS_2,2MM_2X8_PIN_HEADER,NADIR_SENSORS_2,13,SC_WAKEUP_SEPARATION_DISCRETE-,n,,NADIR_SENSORS_2_SC_WAKEUP_SEPARATION_DISCRETE-,Subsystem,
CAB_NADIR_SENSORS_2,2MM_2X8_PIN_HEADER,NADIR_SENSORS_2,14,TEMP_V_G,n,,NADIR_SENSORS_2_TEMP_V_G,Subsystem,
CAB_NADIR_SENSORS_2,2MM_2X8_PIN_HEADER,NADIR_SENSORS_2,15,TEMP_A_5,n,,NADIR_SENSORS_2_TEMP_A_5,Subsystem,
CAB_NADIR_SENSORS_2,2MM_2X8_PIN_HEADER,NADIR_SENSORS_2,16,TEMP_A_6,n,,NADIR_SENSORS_2_TEMP_A_6,Subsystem,
CAB_STAR_TRACKER_DPU,2MM_2X10_PIN_HEADER,STAR_TRACKER_DPU,1,28VDC_PWR,n,,STAR_TRACKER_DPU_28VDC_PWR,Subsystem,
CAB_STAR_TRACKER_DPU,2MM_2X10_PIN_HEADER,STAR_TRACKER_DPU,2,28VDC_RTN,n,,STAR_TRACKER_DPU_28VDC_RTN,Subsystem,
CAB_STAR_TRACKER_DPU,2MM_2X10_PIN_HEADER,STAR_TRACKER_DPU,3,422_TX_D1+,n,,STAR_TRACKER_DPU_422_TX_D1+,Subsystem,
CAB_STAR_TRACKER_DPU,2MM_2X10_PIN_HEADER,STAR_TRACKER_DPU,4,422_TX_D1-,n,,STAR_TRACKER_DPU_422_TX_D1-,Subsystem,
CAB_STAR_TRACKER_DPU,2MM_2X10_PIN_HEADER,STAR_TRACKER_DPU,5,422_RX_D1+,n,,STAR_TRACKER_DPU_422_RX_D1+,Subsystem,
CAB_STAR_TRACKER_DPU,2MM_2X10_PIN_HEADER,STAR_TRACKER_DPU,6,422_RX_D1-,n,,STAR_TRACKER_DPU_422_RX_D1-,Subsystem,
CAB_STAR_TRACKER_DPU,2MM_2X10_PIN_HEADER,STAR_TRACKER_DPU,7,PPS1+,n,,STAR_TRACKER_DPU_PPS1+,Subsystem,
CAB_STAR_TRACKER_DPU,2MM_2X10_PIN_HEADER,STAR_TRACKER_DPU,8,PPS1-,n,,STAR_TRACKER_DPU_PPS1-,Subsystem,
CAB_STAR_TRACKER_DPU,2MM_2X10_PIN_HEADER,STAR_TRACKER_DPU,9,SPARE,n,,STAR_TRACKER_DPU_SPARE,Subsystem,
CAB_STAR_TRACKER_DPU,2MM_2X10_PIN_HEADER,STAR_TRACKER_DPU,10,SPARE,n,,STAR_TRACKER_DPU_SPARE,Subsystem,
CAB_STAR_TRACKER_DPU,2MM_2X10_PIN_HEADER,STAR_TRACKER_DPU,11,CHASSIS,n,,STAR_TRACKER_DPU_CHASSIS,Subsystem,
CAB_STAR_TRACKER_DPU,2MM_2X10_PIN_HEADER,STAR_TRACKER_DPU,12,STAR_TRACKER_DPU_HTR-,n,,STAR_TRACKER_DPU_STAR_TRACKER_DPU_HTR-,Subsystem,
CAB_STAR_TRACKER_DPU,2MM_2X10_PIN_HEADER,STAR_TRACKER_DPU,13,STAR_TRACKER_CHU_HTR1-,n,,STAR_TRACKER_DPU_STAR_TRACKER_CHU_HTR1-,Subsystem,
CAB_STAR_TRACKER_DPU,2MM_2X10_PIN_HEADER,STAR_TRACKER_DPU,14,STAR_TRACKER_CHU_HTR2-,n,,STAR_TRACKER_DPU_STAR_TRACKER_CHU_HTR2-,Subsystem,
CAB_STAR_TRACKER_DPU,2MM_2X10_PIN_HEADER,STAR_TRACKER_DPU,15,12VDC_HTR,n,,STAR_TRACKER_DPU_12VDC_HTR,Subsystem,
CAB_STAR_TRACKER_DPU,2MM_2X10_PIN_HEADER,STAR_TRACKER_DPU,16,12VDC_HTR,n,,STAR_TRACKER_DPU_12VDC_HTR,Subsystem,
CAB_STAR_TRACKER_DPU,2MM_2X10_PIN_HEADER,STAR_TRACKER_DPU,17,TEMP_V_C,n,,STAR_TRACKER_DPU_TEMP_V_C,Subsystem,
CAB_STAR_TRACKER_DPU,2MM_2X10_PIN_HEADER,STAR_TRACKER_DPU,18,TEMP_V_D,n,,STAR_TRACKER_DPU_TEMP_V_D,Subsystem,
CAB_STAR_TRACKER_DPU,2MM_2X10_PIN_HEADER,STAR_TRACKER_DPU,19,TEMP_A_6,n,,STAR_TRACKER_DPU_TEMP_A_6,Subsystem,
CAB_STAR_TRACKER_DPU,2MM_2X10_PIN_HEADER,STAR_TRACKER_DPU,20,TEMP_A_7,n,,Harness Name_TEMP_A_7,Subsystem,
CAB_RF,2MM_2X8_PIN_HEADER,RF,1,RF_SWITCH_1_CMD+,n,,RF_RF_SWITCH_1_CMD+,Subsystem,
CAB_RF,2MM_2X8_PIN_HEADER,RF,2,RF_SWITCH_1_CMD-,n,,RF_RF_SWITCH_1_CMD-,Subsystem,
CAB_RF,2MM_2X8_PIN_HEADER,RF,3,RF_SWITCH_1_STATUS+,n,,RF_RF_SWITCH_1_STATUS+,Subsystem,
CAB_RF,2MM_2X8_PIN_HEADER,RF,4,RF_SWITCH_1_STATUS-,n,,RF_RF_SWITCH_1_STATUS-,Subsystem,
CAB_RF,2MM_2X8_PIN_HEADER,RF,5,RF_SWITCH_2_CMD+,n,,RF_RF_SWITCH_2_CMD+,Subsystem,
CAB_RF,2MM_2X8_PIN_HEADER,RF,6,RF_SWITCH_2_CMD-,n,,RF_RF_SWITCH_2_CMD-,Subsystem,
CAB_RF,2MM_2X8_PIN_HEADER,RF,7,RF_SWITCH_2_STATUS+,n,,RF_RF_SWITCH_2_STATUS+,Subsystem,
CAB_RF,2MM_2X8_PIN_HEADER,RF,8,RF_SWITCH_2_STATUS-,n,,RF_RF_SWITCH_2_STATUS-,Subsystem,
CAB_RF,2MM_2X8_PIN_HEADER,RF,9,RF_SWITCH_3_CMD+,n,,RF_RF_SWITCH_3_CMD+,Subsystem,
CAB_RF,2MM_2X8_PIN_HEADER,RF,10,RF_SWITCH_3_CMD-,n,,RF_RF_SWITCH_3_CMD-,Subsystem,
CAB_RF,2MM_2X8_PIN_HEADER,RF,11,RF_SWITCH_3_STATUS+,n,,RF_RF_SWITCH_3_STATUS+,Subsystem,
CAB_RF,2MM_2X8_PIN_HEADER,RF,12,RF_SWITCH_3_STATUS-,n,,RF_RF_SWITCH_3_STATUS-,Subsystem,
CAB_RF,2MM_2X8_PIN_HEADER,RF,13,RF_SWITCH_HTR-,n,,RF_RF_SWITCH_HTR-,Subsystem,
CAB_RF,2MM_2X8_PIN_HEADER,RF,14,12VDC_HTR,n,,RF_12VDC_HTR,Subsystem,
CAB_RF,2MM_2X8_PIN_HEADER,RF,15,TEMP_V_H,n,,RF_TEMP_V_H,Subsystem,
CAB_RF,2MM_2X8_PIN_HEADER,RF,16,TEMP_A_4,n,,RF_TEMP_A_4,Subsystem,
CAB_RADIO,2MM_2X12_PIN_HEADER,RADIO,1,28VDC_PWR,n,,RADIO_28VDC_PWR,Subsystem,
CAB_RADIO,2MM_2X12_PIN_HEADER,RADIO,2,28VDC_RTN,n,,RADIO_28VDC_RTN,Subsystem,
CAB_RADIO,2MM_2X12_PIN_HEADER,RADIO,3,28VDC_PWR,n,,RADIO_28VDC_PWR,Subsystem,
CAB_RADIO,2MM_2X12_PIN_HEADER,RADIO,4,28VDC_RTN,n,,RADIO_28VDC_RTN,Subsystem,
CAB_RADIO,2MM_2X12_PIN_HEADER,RADIO,5,BASEBAND_TELEM_DOWNLINK_422_D+,n,,RADIO_BASEBAND_TELEM_DOWNLINK_422_D+,Subsystem,
CAB_RADIO,2MM_2X12_PIN_HEADER,RADIO,6,BASEBAND_TELEM_DOWNLINK_422_D-,n,,RADIO_BASEBAND_TELEM_DOWNLINK_422_D-,Subsystem,
CAB_RADIO,2MM_2X12_PIN_HEADER,RADIO,7,BASEBAND_TELEM_DOWNLINK_422_CLK+,n,,RADIO_BASEBAND_TELEM_DOWNLINK_422_CLK+,Subsystem,
CAB_RADIO,2MM_2X12_PIN_HEADER,RADIO,8,BASEBAND_TELEM_DOWNLINK_422_CLK-,n,,RADIO_BASEBAND_TELEM_DOWNLINK_422_CLK-,Subsystem,
CAB_RADIO,2MM_2X12_PIN_HEADER,RADIO,9,COMP_CNTRL_CMD_IF_422_D+,n,,RADIO_COMP_CNTRL_CMD_IF_422_D+,Subsystem,
CAB_RADIO,2MM_2X12_PIN_HEADER,RADIO,10,COMP_CNTRL_CMD_IF_422_D-,n,,RADIO_COMP_CNTRL_CMD_IF_422_D-,Subsystem,
CAB_RADIO,2MM_2X12_PIN_HEADER,RADIO,11,BASEBAND_CMD_IF_422_D+,n,,RADIO_BASEBAND_CMD_IF_422_D+,Subsystem,
CAB_RADIO,2MM_2X12_PIN_HEADER,RADIO,12,BASEBAND_CMD_IF_422_D-,n,,RADIO_BASEBAND_CMD_IF_422_D-,Subsystem,
CAB_RADIO,2MM_2X12_PIN_HEADER,RADIO,13,BASEBAND_CMD_IF_422_CLK+,n,,RADIO_BASEBAND_CMD_IF_422_CLK+,Subsystem,
CAB_RADIO,2MM_2X12_PIN_HEADER,RADIO,14,BASEBAND_CMD_IF_422_CLK-,n,,RADIO_BASEBAND_CMD_IF_422_CLK-,Subsystem,
CAB_RADIO,2MM_2X12_PIN_HEADER,RADIO,15,BASEBAND_CMD_IF_DETECTOR_LOCK+,n,,RADIO_BASEBAND_CMD_IF_DETECTOR_LOCK+,Subsystem,
CAB_RADIO,2MM_2X12_PIN_HEADER,RADIO,16,BASEBAND_CMD_IF_DETECTOR_LOCK-,n,,RADIO_BASEBAND_CMD_IF_DETECTOR_LOCK-,Subsystem,
CAB_RADIO,2MM_2X12_PIN_HEADER,RADIO,17,BASEBAND_TELEM_DOWNLINK_FRAME_TX_422_Discrete+,n,,RADIO_BASEBAND_TELEM_DOWNLINK_FRAME_TX_422_Discrete+,Subsystem,
CAB_RADIO,2MM_2X12_PIN_HEADER,RADIO,18,BASEBAND_TELEM_DOWNLINK_FRAME_TX_422_Discrete-,n,,RADIO_BASEBAND_TELEM_DOWNLINK_FRAME_TX_422_Discrete-,Subsystem,
CAB_RADIO,2MM_2X12_PIN_HEADER,RADIO,19,COMP_STATUS_TELEM_IF_422_D+,n,,RADIO_COMP_STATUS_TELEM_IF_422_D+,Subsystem,
CAB_RADIO,2MM_2X12_PIN_HEADER,RADIO,20,COMP_STATUS_TELEM_IF_422_D-,n,,RADIO_COMP_STATUS_TELEM_IF_422_D-,Subsystem,
CAB_RADIO,2MM_2X12_PIN_HEADER,RADIO,21,RADIO_HTR-,n,,RADIO_RADIO_HTR-,Subsystem,
CAB_RADIO,2MM_2X12_PIN_HEADER,RADIO,22,12VDC_HTR,n,,RADIO_12VDC_HTR,Subsystem,
CAB_RADIO,2MM_2X12_PIN_HEADER,RADIO,23,TEMP_V_G,n,,RADIO_TEMP_V_G,Subsystem,
CAB_RADIO,2MM_2X12_PIN_HEADER,RADIO,24,TEMP_A_4,n,,RADIO_TEMP_A_4,Subsystem,
CAB_MEMS_TEST,2MM_2X10_PIN_HEADER,MEMS_TEST,1,NC-1,n,,MEMS_TEST_TRIAXIS_ACCEL/GYRO_2_CS_ACCEL_N,Test Connector,
CAB_MEMS_TEST,2MM_2X10_PIN_HEADER,MEMS_TEST,2,NC-2,n,,MEMS_TEST_TRIAXIS_ACCEL/GYRO_2_CS_GYRO_N,Test Connector,
CAB_MEMS_TEST,2MM_2X10_PIN_HEADER,MEMS_TEST,3,NC-3,n,,MEMS_TEST_TRIAXIS_ACCEL/GYRO_2_MISO,Test Connector,
CAB_MEMS_TEST,2MM_2X10_PIN_HEADER,MEMS_TEST,4,TRIAXIS_ACCEL/GYRO_3_CCLK,n,,MEMS_TEST_TRIAXIS_ACCEL/GYRO_2_MOSI,Test Connector,
CAB_MEMS_TEST,2MM_2X10_PIN_HEADER,MEMS_TEST,5,TRIAXIS_ACCEL/GYRO_3_MOSI,n,,MEMS_TEST_TRIAXIS_ACCEL/GYRO_2_CCLK,Test Connector,
CAB_MEMS_TEST,2MM_2X10_PIN_HEADER,MEMS_TEST,6,TRIAXIS_ACCEL/GYRO_3_MISO,n,,MEMS_TEST_NC-1,Test Connector,
CAB_MEMS_TEST,2MM_2X10_PIN_HEADER,MEMS_TEST,7,TRIAXIS_ACCEL/GYRO_3_CS_ACCEL_N,n,,MEMS_TEST_TRIAXIS_ACCEL/GYRO_1_CS_ACCEL_N,Test Connector,
CAB_MEMS_TEST,2MM_2X10_PIN_HEADER,MEMS_TEST,8,TRIAXIS_ACCEL/GYRO_3_CS_GYRO_N,n,,MEMS_TEST_TRIAXIS_ACCEL/GYRO_1_CS_GYRO_N,Test Connector,
CAB_MEMS_TEST,2MM_2X10_PIN_HEADER,MEMS_TEST,9,NC-4,n,,MEMS_TEST_TRIAXIS_ACCEL/GYRO_1_MISO,Test Connector,
CAB_MEMS_TEST,2MM_2X10_PIN_HEADER,MEMS_TEST,10,TRIAXIS_ACCEL/GYRO_1_CCLK,n,,MEMS_TEST_TRIAXIS_ACCEL/GYRO_1_MOSI,Test Connector,
CAB_MEMS_TEST,2MM_2X10_PIN_HEADER,MEMS_TEST,11,TRIAXIS_ACCEL/GYRO_1_MOSI,n,,MEMS_TEST_TRIAXIS_ACCEL/GYRO_1_CCLK,Test Connector,
CAB_MEMS_TEST,2MM_2X10_PIN_HEADER,MEMS_TEST,12,TRIAXIS_ACCEL/GYRO_1_MISO,n,,MEMS_TEST_NC-2,Test Connector,
CAB_MEMS_TEST,2MM_2X10_PIN_HEADER,MEMS_TEST,13,TRIAXIS_ACCEL/GYRO_1_CS_GYRO_N,n,,MEMS_TEST_TRIAXIS_ACCEL/GYRO_3_CS_GYRO_N,Test Connector,
CAB_MEMS_TEST,2MM_2X10_PIN_HEADER,MEMS_TEST,14,TRIAXIS_ACCEL/GYRO_1_CS_ACCEL_N,n,,MEMS_TEST_TRIAXIS_ACCEL/GYRO_3_CS_ACCEL_N,Test Connector,
CAB_MEMS_TEST,2MM_2X10_PIN_HEADER,MEMS_TEST,15,NC-5,n,,MEMS_TEST_TRIAXIS_ACCEL/GYRO_3_MISO,Test Connector,
CAB_MEMS_TEST,2MM_2X10_PIN_HEADER,MEMS_TEST,16,TRIAXIS_ACCEL/GYRO_2_CCLK,n,,MEMS_TEST_TRIAXIS_ACCEL/GYRO_3_MOSI,Test Connector,
CAB_MEMS_TEST,2MM_2X10_PIN_HEADER,MEMS_TEST,17,TRIAXIS_ACCEL/GYRO_2_MOSI,n,,MEMS_TEST_TRIAXIS_ACCEL/GYRO_3_CCLK,Test Connector,
CAB_MEMS_TEST,2MM_2X10_PIN_HEADER,MEMS_TEST,18,TRIAXIS_ACCEL/GYRO_2_MISO,n,,MEMS_TEST_NC-3,Test Connector,
CAB_MEMS_TEST,2MM_2X10_PIN_HEADER,MEMS_TEST,19,TRIAXIS_ACCEL/GYRO_2_CS_GYRO_N,n,,MEMS_TEST_NC-4,Test Connector,
CAB_MEMS_TEST,2MM_2X10_PIN_HEADER,MEMS_TEST,20,TRIAXIS_ACCEL/GYRO_2_CS_ACCEL_N,n,,MEMS_TEST_NC-5,Test Connector,